ticker,entry_date,entry_price,stop,entry_idx,checked_idx,atr0,run_high,exit_date,exit_price,exit_reason,still_open
6176,2019-02-18,57.207420349121094,54.570316314697266,758,762,1.642923355102539,57.856163024902344,2019-02-22,54.570316314697266,移動停損,False
9910,2019-02-18,107.750244140625,103.67230865478516,758,762,3.0391104561941966,107.750244140625,2019-02-21,103.67230865478516,移動停損,False
3533,2019-02-18,184.6339874267578,191.00872802734375,758,765,6.023857116699219,203.0564422607422,2019-02-25,191.00872802734375,移動停損,False
5269,2019-02-18,579.5263671875,518.7377668108259,758,765,33.06492396763393,584.8676147460938,2019-02-25,518.7377668108259,移動停損,False
2379,2019-02-18,129.9956512451172,125.24862452915737,758,770,4.381875174386161,134.0123748779297,2019-03-05,125.24862452915737,移動停損,False
4536,2019-02-18,99.63436889648438,100.3146503993443,758,770,4.7880979265485495,109.8908462524414,2019-03-04,100.3146503993443,移動停損,False
6409,2019-03-11,474.4685363769531,455.13389805385043,771,775,13.512305123465401,482.15850830078125,2019-03-12,455.13389805385043,移動停損,False
8210,2019-02-18,38.73731994628906,42.745570046561106,758,780,1.2877813066755022,45.32113265991211,2019-03-18,42.745570046561106,移動停損,False
6176,2019-03-04,56.6766357421875,57.14845439365932,766,785,1.7987891605922155,60.74603271484375,2019-03-25,57.14845439365932,移動停損,False
9910,2019-03-04,108.0265121459961,116.90705108642578,766,788,2.8812332153320312,122.66951751708984,2019-04-01,116.90705108642578,移動停損,False
2480,2019-03-18,37.87429428100586,39.24593598502023,776,788,1.2411181586129325,41.728172302246094,2019-04-01,39.24593598502023,移動停損,False
2501,2019-03-25,15.288055419921875,16.894093785967147,781,788,0.1815742083958217,17.25724220275879,2019-04-01,16.894093785967147,移動停損,False
2458,2019-03-18,54.19049835205078,56.652898515973774,776,793,1.4659243992396764,59.584747314453125,2019-04-08,56.652898515973774,移動停損,False
8210,2019-04-01,54.20162582397461,51.565909249441965,786,793,2.1599717821393694,55.8858528137207,2019-04-12,51.565909249441965,移動停損,False
6176,2019-04-08,59.566490173339844,59.31373269217355,789,793,1.4533555167061942,62.22044372558594,2019-04-08,59.31373269217355,移動停損,False
3044,2019-04-15,69.78886413574219,68.92020961216518,794,803,1.989030020577567,72.89826965332031,2019-04-22,68.92020961216518,移動停損,False
6121,2019-04-15,175.6771240234375,166.7012438092913,794,807,6.363497052873884,179.42823791503906,2019-04-29,166.7012438092913,移動停損,False
1231,2019-04-15,21.012399673461914,20.70444025312151,794,817,0.5922321592058454,21.888904571533203,2019-05-14,20.70444025312151,移動停損,False
2379,2019-04-15,143.87159729003906,165.25930677141463,794,817,4.46012932913644,174.1795654296875,2019-05-13,165.25930677141463,移動停損,False
2501,2019-05-13,18.653575897216797,18.48990331377302,813,817,0.5114770616803851,19.51285743713379,2019-05-16,18.48990331377302,移動停損,False
6121,2019-05-13,167.5496826171875,162.01234872000558,813,817,5.113118852887835,172.23858642578125,2019-05-15,162.01234872000558,移動停損,False
9910,2019-05-13,139.79904174804688,134.9443577357701,813,822,4.361324855259487,143.66700744628906,2019-05-24,134.9443577357701,移動停損,False
3491,2019-05-20,73.11005401611328,70.06289482116699,818,822,3.9401942661830356,73.26544189453125,2019-05-21,70.06289482116699,移動停損,False
2379,2019-05-27,149.714111328125,144.54348693847658,823,827,8.424673897879464,149.714111328125,2019-05-27,144.54348693847658,移動停損,False
5269,2019-06-03,499.4074401855469,478.015751953125,828,831,23.304412841796875,502.07806396484375,2019-06-04,478.015751953125,移動停損,False
9910,2019-06-03,131.78683471679688,131.37793975830078,828,831,4.795477730887277,131.78683471679688,2019-06-03,131.37793975830078,移動停損,False
2379,2019-06-10,154.82627868652344,164.89418247767858,832,856,7.016219002859933,178.92662048339844,2019-07-08,164.89418247767858,移動停損,False
6176,2019-07-15,75.24701690673828,73.35645784650531,857,861,2.0518507276262556,77.46015930175781,2019-07-17,73.35645784650531,移動停損,False
2385,2019-06-17,49.87730407714844,54.15932192121233,837,871,1.0317835126604353,56.2228889465332,2019-07-31,54.15932192121233,移動停損,False
3044,2019-07-15,79.50489807128906,75.57886505126953,857,871,2.145366668701172,79.86959838867188,2019-07-30,75.57886505126953,移動停損,False
5483,2019-07-15,62.49795150756836,61.40594482421875,857,871,1.5383186340332031,64.48258209228516,2019-07-30,61.40594482421875,移動停損,False
6213,2019-07-15,90.44464111328125,97.34117344447544,857,871,3.5993641444614957,104.53990173339844,2019-07-30,97.34117344447544,移動停損,False
8454,2019-07-15,120.59014892578125,118.52682168143136,857,871,1.834073747907366,122.1949691772461,2019-08-02,118.52682168143136,移動停損,False
6176,2019-07-29,78.09248352050781,74.29852076939174,867,875,3.003556387765067,80.30563354492188,2019-08-05,74.29852076939174,移動停損,False
8016,2019-08-19,90.79263305664062,90.8814675467355,881,885,3.6867877415248325,98.25504302978516,2019-08-19,90.8814675467355,移動停損,False
5434,2019-08-19,68.04066467285156,67.73723656790597,881,890,1.433429445539202,70.60409545898438,2019-08-26,67.73723656790597,移動停損,False
8081,2019-08-19,84.90830993652344,85.03263310023716,881,890,3.576769692557199,92.18617248535156,2019-08-26,85.03263310023716,移動停損,False
3324,2019-08-19,167.24253845214844,162.43956429617745,881,895,8.86705562046596,180.17367553710938,2019-09-02,162.43956429617745,移動停損,False
1227,2019-09-02,49.659061431884766,49.118556431361604,891,895,0.7826102120535714,50.68377685546875,2019-09-03,49.118556431361604,移動停損,False
3293,2019-08-19,68.50269317626953,70.79102597917829,881,898,2.720411845615932,76.23184967041016,2019-09-10,70.79102597917829,移動停損,False
8081,2019-09-10,79.7098388671875,79.90787724086216,896,903,3.3666294642857144,86.6411361694336,2019-09-16,79.90787724086216,移動停損,False
6213,2019-08-12,110.02139282226562,121.8793454851423,876,908,5.8170945303780695,133.51353454589844,2019-09-25,121.8793454851423,移動停損,False
2345,2019-08-19,135.5511474609375,145.9927716936384,881,908,5.853635515485491,157.70004272460938,2019-09-23,145.9927716936384,移動停損,False
8016,2019-09-02,101.6753158569336,104.20718492780414,891,908,4.175395420619419,112.55797576904297,2019-09-27,104.20718492780414,移動停損,False
1227,2019-09-16,51.0778923034668,49.12981196812221,899,908,1.052863257271903,51.235538482666016,2019-09-27,49.12981196812221,移動停損,False
3044,2019-09-16,86.4342269897461,83.9334226335798,899,908,2.162156786237444,88.25773620605469,2019-09-25,83.9334226335798,移動停損,False
2385,2019-09-16,61.94048309326172,61.619600023542134,899,912,1.3856383732386999,64.39087677001953,2019-10-01,61.619600023542134,移動停損,False
5434,2019-09-10,68.04066467285156,70.63547188895089,896,915,1.0829178946358817,72.80130767822266,2019-10-07,70.63547188895089,移動停損,False
8210,2019-09-02,58.961212158203125,59.0773914882115,891,920,2.4630094255719865,64.00341033935547,2019-10-14,59.0773914882115,移動停損,False
1227,2019-10-07,49.26494216918945,48.07131903512137,913,920,0.7544577462332589,49.58023452758789,2019-10-14,48.07131903512137,移動停損,False
3324,2019-10-14,206.8979949951172,192.3042951311384,916,920,7.943402971540179,208.19110107421875,2019-10-17,192.3042951311384,移動停損,False
3293,2019-10-21,69.31778717041016,67.58195175170898,921,925,2.260363442557199,69.40643310546875,2019-10-24,67.58195175170898,移動停損,False
2345,2019-10-21,167.44554138183594,159.59850202287947,921,930,5.2524533952985495,170.10340881347656,2019-11-01,159.59850202287947,移動停損,False
8016,2019-10-07,114.73452758789062,114.64568328857422,913,935,3.93109130859375,122.50786590576172,2019-11-04,114.64568328857422,移動停損,False
2385,2019-10-14,63.23374557495117,65.67441722324916,916,935,1.3661910465785436,68.40679931640625,2019-11-04,65.67441722324916,移動停損,False
2379,2019-10-21,178.01800537109375,167.67313711983817,921,940,5.73816898890904,179.14947509765625,2019-11-11,167.67313711983817,移動停損,False
4958,2019-10-21,105.57008361816406,111.6916994367327,921,940,3.7564452035086497,119.20458984375,2019-11-13,111.6916994367327,移動停損,False
3217,2019-11-18,46.40105056762695,46.42179707118443,941,945,2.095463616507394,50.61272430419922,2019-11-18,46.42179707118443,移動停損,False
6412,2019-11-18,45.62857437133789,45.73074231828962,941,950,1.450796672276088,48.6323356628418,2019-11-25,45.73074231828962,移動停損,False
3217,2019-12-02,48.506893157958984,46.618901933942524,951,965,2.105837958199637,50.8305778503418,2019-12-16,46.618901933942524,移動停損,False
2207,2019-12-16,559.5717163085938,536.3014569963727,961,965,11.635129656110491,559.5717163085938,2019-12-16,536.3014569963727,移動停損,False
5289,2019-12-02,104.87954711914062,119.9608906337193,951,974,3.3267713274274553,126.61443328857422,2019-12-31,119.9608906337193,移動停損,False
2207,2019-12-30,594.1757202148438,581.1540091378348,971,974,12.840842110770089,606.835693359375,2019-12-31,581.1540091378348,移動停損,False
6412,2019-12-09,45.48553466796875,43.4217289515904,956,979,1.425253459385463,46.27223587036133,2020-01-06,43.4217289515904,移動停損,False
3533,2019-12-16,275.1022033691406,267.0841761997768,961,979,7.197978428431919,281.4801330566406,2020-01-07,267.0841761997768,移動停損,False
8210,2019-12-16,68.23235321044922,69.95181819370815,961,979,1.2954036167689733,72.5426254272461,2020-01-07,69.95181819370815,移動停損,False
8464,2020-01-13,227.08636474609375,223.98331124441964,980,984,4.316053118024554,232.61541748046875,2020-01-15,223.98331124441964,移動停損,False
3406,2020-01-13,525.454833984375,485.7000514439174,980,987,20.309520176478795,526.319091796875,2020-01-30,485.7000514439174,移動停損,False
6121,2020-01-13,200.7969970703125,213.48381914411272,980,987,4.2678102765764505,222.01943969726562,2020-01-30,213.48381914411272,移動停損,False
1582,2020-01-20,64.51033020019531,62.82488250732422,985,987,0.8427238464355469,64.51033020019531,2020-01-30,62.82488250732422,移動停損,False
2458,2020-01-20,63.879093170166016,61.82819039481027,985,987,1.2230164664132255,64.27422332763672,2020-01-30,61.82819039481027,移動停損,False
3217,2020-01-20,49.74134826660156,48.42556411743164,985,987,1.327817371913365,50.249656677246094,2020-01-30,48.42556411743164,移動停損,False
3533,2020-01-20,289.9841003417969,277.2281973702567,985,987,7.653540475027902,292.5352783203125,2020-01-30,277.2281973702567,移動停損,False
4551,2020-01-20,164.0928192138672,154.1239972795759,985,987,4.984410967145648,164.0928192138672,2020-01-30,154.1239972795759,移動停損,False
8210,2020-01-20,94.74456024169922,88.40114484514508,985,987,3.5783353533063615,95.55781555175781,2020-01-30,88.40114484514508,移動停損,False
3533,2020-02-10,284.8817138671875,269.4810986328125,993,997,11.875134059361049,284.8817138671875,2020-02-13,269.4810986328125,移動停損,False
6121,2020-02-10,203.08248901367188,202.97148834228517,993,997,5.713732038225446,205.69448852539062,2020-02-10,202.97148834228517,移動停損,False
8210,2020-02-10,77.259521484375,73.58684631347656,993,1006,7.086963653564453,81.7324447631836,2020-02-25,73.58684631347656,移動停損,False
3293,2020-02-17,88.55303192138672,106.31934138706752,998,1011,4.280125754220145,114.87959289550781,2020-03-02,106.31934138706752,移動停損,False
3217,2020-04-13,65.49883270263672,66.22498866489956,1035,1053,3.921216147286551,74.06742095947266,2020-05-08,66.22498866489956,移動停損,False
5289,2020-04-27,121.43946075439453,123.85447474888393,1045,1058,3.622483389718192,131.0994415283203,2020-05-11,123.85447474888393,移動停損,False
3217,2020-05-18,66.51544189453125,74.67944989885602,1059,1073,2.780121394566127,80.23969268798828,2020-06-01,74.67944989885602,移動停損,False
3533,2020-05-25,341.0076904296875,337.1201607840402,1064,1073,15.550042288643974,368.2202453613281,2020-06-02,337.1201607840402,移動停損,False
2421,2020-06-08,42.515464782714844,39.23708234514509,1074,1078,1.6794534410749162,42.59598922729492,2020-06-12,39.23708234514509,移動停損,False
6415,2020-05-18,356.26727294921875,436.9800022670201,1059,1091,19.621265956333705,476.2225341796875,2020-06-29,436.9800022670201,移動停損,False
2905,2020-06-15,18.71375274658203,19.109415326799667,1079,1096,0.4758642741612026,20.06114387512207,2020-07-10,19.109415326799667,移動停損,False
2345,2020-07-13,227.24752807617188,217.69186401367188,1097,1101,8.3216552734375,234.33517456054688,2020-07-16,217.69186401367188,移動停損,False
6415,2020-07-13,459.4288024902344,423.9562726702009,1097,1101,20.735135759626115,465.4265441894531,2020-07-14,423.9562726702009,移動停損,False
8081,2020-07-13,122.51216125488281,116.39708164760044,1097,1101,4.869849068777902,126.13677978515625,2020-07-15,116.39708164760044,移動停損,False
2207,2020-07-20,624.430908203125,603.8857770647321,1102,1111,22.743970598493302,649.3737182617188,2020-07-27,603.8857770647321,移動停損,False
2345,2020-07-27,215.3689727783203,205.75003112792967,1107,1111,7.563158307756696,219.91262817382812,2020-07-28,205.75003112792967,移動停損,False
2330,2020-07-20,332.5621032714844,405.6229553222656,1102,1116,6.8374481201171875,419.2978515625,2020-08-03,405.6229553222656,移動停損,False
2905,2020-07-20,19.5745849609375,22.77657209123884,1102,1121,0.4304166521344866,23.637405395507812,2020-08-10,22.77657209123884,移動停損,False
3533,2020-07-20,388.2044677734375,380.01822335379467,1102,1121,19.224958147321427,418.4681396484375,2020-08-10,380.01822335379467,移動停損,False
2383,2020-07-27,142.9470672607422,143.54418727329798,1107,1121,4.717133658272879,152.97845458984375,2020-08-10,143.54418727329798,移動停損,False
6415,2020-08-10,442.1354064941406,424.3378399658203,1117,1121,21.082750592912948,442.1354064941406,2020-08-11,424.3378399658203,移動停損,False
2458,2020-08-17,98.23194122314453,93.3692559814453,1122,1126,4.438042776925223,99.96749114990234,2020-08-20,93.3692559814453,移動停損,False
3231,2020-08-17,27.247283935546875,26.072511520385742,1122,1126,0.6860837936401367,27.247283935546875,2020-08-19,26.072511520385742,移動停損,False
3529,2020-08-17,583.714111328125,527.2564915248325,1122,1126,28.707264491489955,584.6710205078125,2020-08-20,527.2564915248325,移動停損,False
4966,2020-08-17,980.145263671875,909.6957421875,1122,1126,69.08513532366071,1014.6878662109375,2020-08-20,909.6957421875,移動停損,False
3217,2020-08-31,93.20681762695312,89.67297393798827,1132,1136,5.4521331787109375,94.3575210571289,2020-08-31,89.67297393798827,移動停損,False
1590,2020-08-17,600.206298828125,590.6934770856585,1122,1141,27.70282200404576,646.09912109375,2020-09-08,590.6934770856585,移動停損,False
2458,2020-08-31,99.96749114990234,103.14105442592076,1132,1141,4.140520913260324,111.4220962524414,2020-09-07,103.14105442592076,移動停損,False
2472,2020-09-21,41.99870300292969,39.961451939174104,1147,1151,1.2536909920828683,42.468833923339844,2020-09-25,39.961451939174104,移動停損,False
5471,2020-09-21,54.00827407836914,50.58160618373326,1147,1151,2.3899405343191966,54.390228271484375,2020-09-25,50.58160618373326,移動停損,False
3017,2020-09-07,59.234092712402344,57.768885476248606,1137,1154,3.8711839403424944,65.5112533569336,2020-09-28,57.768885476248606,移動停損,False
3017,2020-10-12,60.37657928466797,60.64676284790039,1159,1168,2.7863636016845703,66.21949005126953,2020-10-19,60.64676284790039,移動停損,False
3653,2020-10-12,277.6996765136719,267.0604814801897,1159,1168,10.789415631975446,288.6393127441406,2020-10-19,267.0604814801897,移動停損,False
1590,2020-10-19,603.5072631835938,598.7002111816406,1164,1168,21.87746320452009,608.0381469726562,2020-10-19,598.7002111816406,移動停損,False
3529,2020-10-19,539.6962890625,517.7831500244141,1164,1168,29.117361886160715,545.437744140625,2020-10-19,517.7831500244141,移動停損,False
4966,2020-10-19,1029.0465087890625,968.0752087402344,1164,1168,46.166333879743306,1033.4254150390625,2020-10-20,968.0752087402344,移動停損,False
2520,2020-09-28,23.7050838470459,23.22750963483538,1152,1173,0.8618063245500837,24.951122283935547,2020-10-27,23.22750963483538,移動停損,False
3533,2020-09-28,404.5482177734375,401.4410487583705,1152,1173,16.343516758510045,434.1280822753906,2020-10-27,401.4410487583705,移動停損,False
2330,2020-10-26,411.2060546875,397.4561854771205,1169,1173,6.874934605189732,411.2060546875,2020-10-29,397.4561854771205,移動停損,False
2428,2020-10-26,93.40508270263672,89.9106205531529,1169,1173,2.4832213265555247,93.82393646240234,2020-10-27,89.9106205531529,移動停損,False
2472,2020-10-05,41.05842971801758,40.46516581944057,1155,1178,1.1193667820521764,42.70389938354492,2020-11-02,40.46516581944057,移動停損,False
9914,2020-10-26,224.47842407226562,241.3435320172991,1169,1178,6.216707502092634,253.77694702148438,2020-11-02,241.3435320172991,移動停損,False
1590,2020-11-02,697.7485961914062,665.1265694754464,1174,1178,24.919625418526785,714.9658203125,2020-11-02,665.1265694754464,移動停損,False
5471,2020-10-05,50.57069396972656,50.39608492170061,1155,1183,3.181130817958287,56.75834655761719,2020-11-10,50.39608492170061,移動停損,False
6282,2020-11-02,22.28570556640625,22.40745108468192,1174,1188,0.7061303002493722,23.819711685180664,2020-11-17,22.40745108468192,移動停損,False
2428,2020-11-09,98.01249694824219,112.8520039149693,1179,1188,3.4705281938825334,119.79306030273438,2020-11-18,112.8520039149693,移動停損,False
3324,2020-11-16,230.17483520507812,216.74321637834822,1184,1188,7.824551173618862,232.39231872558594,2020-11-17,216.74321637834822,移動停損,False
2330,2020-11-09,413.91729736328125,445.8713684082031,1179,1193,5.712982177734375,457.2973327636719,2020-11-23,445.8713684082031,移動停損,False
3017,2020-11-16,67.10477447509766,64.81568309238979,1184,1198,2.9593879154750278,70.73445892333984,2020-12-01,64.81568309238979,移動停損,False
6104,2020-11-16,62.88131332397461,63.134184156145366,1184,1198,2.1072815486363004,67.34874725341797,2020-11-30,63.134184156145366,移動停損,False
3680,2020-11-30,253.4009246826172,245.94797842843192,1194,1203,9.425821576799665,264.79962158203125,2020-12-11,245.94797842843192,移動停損,False
3529,2020-11-02,551.1792602539062,642.4957188197544,1174,1208,34.24365670340402,710.9830322265625,2020-12-14,642.4957188197544,移動停損,False
3374,2020-11-23,170.6664276123047,175.75123487200057,1189,1208,9.55027825491769,194.85179138183594,2020-12-14,175.75123487200057,移動停損,False
3048,2020-11-30,15.758025169372559,16.64663287571498,1194,1208,0.4714576176234654,17.589548110961914,2020-12-14,16.64663287571498,移動停損,False
5269,2020-11-30,1506.916259765625,1493.1750662667412,1194,1213,73.28472028459821,1639.7445068359375,2020-12-22,1493.1750662667412,移動停損,False
1590,2020-12-14,802.8639526367188,779.4331577845982,1204,1213,29.385685511997767,838.2045288085938,2020-12-21,779.4331577845982,移動停損,False
3010,2020-12-14,56.22469711303711,55.66821507045201,1204,1213,1.4909237452915736,58.650062561035156,2020-12-21,55.66821507045201,移動停損,False
2377,2020-12-21,104.96190643310547,99.47881753104073,1209,1213,2.9373681204659596,105.35355377197266,2020-12-22,99.47881753104073,移動停損,False
2603,2020-11-23,21.282331466674805,35.54545865740095,1189,1222,1.057507106236049,37.66047286987305,2021-01-07,35.54545865740095,移動停損,False
3034,2020-12-14,209.47003173828125,234.07760620117188,1204,1222,6.469482421875,247.01657104492188,2021-01-05,234.07760620117188,移動停損,False
1304,2020-11-23,16.724124908447266,17.948128291538783,1189,1227,0.6649634497506278,19.27805519104004,2021-01-12,17.948128291538783,移動停損,False
2472,2020-12-14,50.48865509033203,55.224548884800505,1204,1232,1.8658158438546317,58.956180572509766,2021-01-18,55.224548884800505,移動停損,False
1590,2021-01-04,807.3949584960938,1033.418954031808,1218,1232,24.725398472377233,1082.8697509765625,2021-01-18,1033.418954031808,移動停損,False
2330,2021-01-04,481.3376770019531,554.9113507952009,1218,1232,6.351911272321429,567.6151733398438,2021-01-18,554.9113507952009,移動停損,False
3010,2021-01-04,55.85719680786133,54.964750562395366,1218,1232,1.1076954432896204,57.18014144897461,2021-01-18,54.964750562395366,移動停損,False
3374,2021-01-18,174.77337646484375,169.29745483398438,1228,1237,10.267364501953125,189.83218383789062,2021-01-29,169.29745483398438,移動停損,False
3680,2021-02-01,309.3057556152344,273.62640598842074,1238,1245,20.728316170828684,321.3047180175781,2021-02-22,316.416259765625,季EPS YoY轉負,False
6415,2021-02-17,722.8372192382812,676.7132393973214,1243,1250,34.50687517438616,745.7269897460938,2021-02-26,676.7132393973214,移動停損,False
4966,2021-02-22,1230.476806640625,1149.1540701729912,1246,1250,55.987601143973215,1261.1292724609375,2021-02-23,1149.1540701729912,移動停損,False
1312,2021-02-22,20.569686889648438,20.061569213867188,1246,1254,0.5754613876342773,21.212491989135742,2021-03-02,20.061569213867188,移動停損,False
2615,2021-03-02,29.812578201293945,28.235979194641114,1251,1254,1.6214024680001395,30.925914764404297,2021-03-02,28.235979194641114,移動停損,False
8016,2021-03-02,133.3805694580078,128.73316955566406,1251,1254,4.763587951660156,138.26034545898438,2021-03-03,128.73316955566406,移動停損,False
1304,2021-02-22,18.124670028686523,19.642903191702707,1246,1264,0.6620212282453265,20.96694564819336,2021-03-19,19.642903191702707,移動停損,False
2467,2021-03-22,37.169517517089844,36.185211181640625,1265,1273,0.9390811920166016,38.06337356567383,2021-03-31,36.185211181640625,移動停損,False
9914,2021-03-22,269.2879333496094,292.86217825753346,1265,1276,10.402208600725446,313.6665954589844,2021-04-07,292.86217825753346,移動停損,False
5439,2021-03-22,53.60758972167969,50.70988246372768,1265,1281,2.0122977665492465,54.73447799682617,2021-04-14,50.70988246372768,移動停損,False
3167,2021-03-29,50.49126434326172,65.43004662649972,1270,1281,1.3400647299630302,68.11017608642578,2021-04-12,65.43004662649972,移動停損,False
1590,2021-04-07,969.598876953125,1012.5769914899554,1274,1281,37.41176060267857,1087.4005126953125,2021-04-13,1012.5769914899554,移動停損,False
2467,2021-04-12,43.94792175292969,44.27780042375837,1277,1286,1.324822017124721,46.92744445800781,2021-04-19,44.27780042375837,移動停損,False
1304,2021-04-19,30.89432144165039,29.3466614314488,1282,1286,1.2887349809919084,31.924131393432617,2021-04-23,29.3466614314488,移動停損,False
2376,2021-04-19,85.82518768310547,82.02654702322823,1282,1286,3.557804652622768,86.59148406982422,2021-04-19,82.02654702322823,移動停損,False
1312,2021-03-15,21.81243896484375,27.554806573050364,1260,1290,0.8356443132672992,29.22609519958496,2021-04-26,27.554806573050364,移動停損,False
2615,2021-03-15,29.750730514526367,58.09211812700544,1260,1290,1.323188373020717,60.738494873046875,2021-04-26,58.09211812700544,移動停損,False
5483,2021-04-19,132.5996856689453,153.88249315534318,1282,1290,3.593566349574498,161.0696258544922,2021-04-26,153.88249315534318,移動停損,False
9914,2021-04-19,304.1876220703125,279.0746111188616,1282,1290,13.633669172014509,306.3419494628906,2021-04-27,279.0746111188616,移動停損,False
2376,2021-05-03,99.6185302734375,92.83133261544364,1291,1295,5.117765699114118,103.06686401367188,2021-05-04,92.83133261544364,移動停損,False
6138,2021-05-03,112.47120666503906,99.66229248046875,1291,1295,6.7977142333984375,113.25772094726562,2021-05-04,99.66229248046875,移動停損,False
2597,2021-04-19,48.92633819580078,42.92550086975098,1282,1300,3.1613588333129883,49.24821853637695,2021-05-13,42.92550086975098,移動停損,False
6415,2021-05-03,722.8370971679688,737.6381923130581,1291,1300,32.95794241768973,803.5540771484375,2021-05-10,737.6381923130581,移動停損,False
2377,2021-05-10,148.8265838623047,137.13306644984655,1296,1300,7.413355691092355,151.95977783203125,2021-05-11,137.13306644984655,移動停損,False
2615,2021-05-17,47.06924057006836,95.53456824166435,1301,1320,5.42528942653111,106.38514709472656,2021-06-07,95.53456824166435,移動停損,False
2376,2021-05-31,85.05889129638672,81.64580932617187,1311,1320,6.2453155517578125,89.65666961669922,2021-06-07,81.64580932617187,移動停損,False
2441,2021-05-31,54.58144760131836,53.05926918029785,1311,1320,2.437353951590402,57.711280822753906,2021-06-07,53.05926918029785,移動停損,False
2467,2021-05-31,39.702110290527344,39.40043075561523,1311,1320,2.021817888532366,41.04289245605469,2021-06-07,39.40043075561523,移動停損,False
1476,2021-05-24,539.9674072265625,518.9631870814732,1306,1324,34.147190638950896,587.257568359375,2021-06-16,518.9631870814732,移動停損,False
4966,2021-05-31,1341.34521484375,1225.9942103794642,1311,1324,68.70614188058036,1363.406494140625,2021-06-17,1225.9942103794642,移動停損,False
8081,2021-06-15,171.44454956054688,162.90079171316964,1321,1324,5.902951921735491,174.70669555664062,2021-06-17,162.90079171316964,移動停損,False
6202,2021-06-15,85.82231140136719,84.44590541294643,1321,1329,2.914719717843192,90.27534484863281,2021-06-21,84.44590541294643,移動停損,False
2377,2021-06-21,139.427001953125,135.3773551940918,1325,1329,4.643834795270648,141.7769012451172,2021-06-22,135.3773551940918,移動停損,False
6491,2021-05-24,440.3780212402344,537.9744785853794,1306,1334,33.508396693638396,604.9912719726562,2021-06-29,537.9744785853794,移動停損,False
3587,2021-06-28,106.9041519165039,101.78571060180664,1330,1334,3.6733856201171875,106.9041519165039,2021-06-30,101.78571060180664,移動停損,False
2615,2021-06-21,141.02218627929688,199.60468074253626,1325,1339,9.366139548165458,218.3369598388672,2021-07-05,199.60468074253626,移動停損,False
2597,2021-05-24,46.35126495361328,54.16844231741769,1306,1344,2.7704999106270924,59.709442138671875,2021-07-14,54.16844231741769,移動停損,False
8454,2021-05-31,588.576904296875,967.9336853027344,1311,1344,45.69697570800781,1059.32763671875,2021-07-15,967.9336853027344,移動停損,False
1907,2021-06-15,39.3956298828125,36.113437107631135,1321,1344,2.4993861062186107,41.11220932006836,2021-07-12,36.113437107631135,移動停損,False
9941,2021-05-24,68.17826843261719,85.21343612670898,1306,1349,2.6699695587158203,90.55337524414062,2021-07-20,85.21343612670898,移動停損,False
2368,2021-06-28,67.529052734375,73.96964699881417,1330,1349,3.6297738211495534,81.22919464111328,2021-07-19,73.96964699881417,移動停損,False
8081,2021-06-28,164.55776977539062,185.3734414236886,1330,1349,6.265412466866629,197.90426635742188,2021-07-19,185.3734414236886,移動停損,False
1609,2021-07-19,22.24738311767578,21.846465187072752,1345,1349,0.9021445683070591,23.058486938476562,2021-07-20,21.846465187072752,移動停損,False
6202,2021-07-05,81.36925506591797,116.10299900599888,1335,1354,3.279059273856027,122.66111755371094,2021-07-26,116.10299900599888,移動停損,False
3587,2021-07-12,105.28439331054688,118.12677764892578,1340,1354,3.7023086547851562,125.5313949584961,2021-07-28,118.12677764892578,移動停損,False
1231,2021-07-19,40.22126388549805,40.51985495431082,1345,1354,1.2064764840262276,42.93280792236328,2021-07-28,40.51985495431082,移動停損,False
2441,2021-07-19,62.97858810424805,67.78787558419364,1345,1354,1.6794264657156808,71.146728515625,2021-07-26,67.78787558419364,移動停損,False
5439,2021-07-19,58.920066833496094,55.57389450073242,1345,1354,2.3975067138671875,60.3689079284668,2021-07-28,55.57389450073242,移動停損,False
6491,2021-07-19,488.0977478027344,492.0493469238281,1345,1354,26.578323364257812,545.2059936523438,2021-07-26,492.0493469238281,移動停損,False
3526,2021-07-26,136.43807983398438,129.6261226109096,1350,1354,7.060573032924107,143.7472686767578,2021-07-28,129.6261226109096,移動停損,False
2481,2021-07-19,85.90930938720703,90.08802904401507,1345,1359,7.130172184535435,104.34837341308594,2021-08-02,90.08802904401507,移動停損,False
8261,2021-07-19,77.32218170166016,104.10225459507534,1345,1359,5.147256033761161,114.39676666259766,2021-08-02,104.10225459507534,移動停損,False
9939,2021-08-02,66.22352600097656,65.19496154785156,1355,1364,1.2677803039550781,67.73052215576172,2021-08-10,65.19496154785156,移動停損,False
3526,2021-08-09,136.09002685546875,119.8308334350586,1360,1364,9.89474596296038,139.57058715820312,2021-08-13,119.8308334350586,移動停損,False
6438,2021-08-09,94.31492614746094,90.49839346749442,1360,1364,3.9321959359305247,98.36278533935547,2021-08-13,90.49839346749442,移動停損,False
8454,2021-08-09,1141.516845703125,1098.4653930664062,1360,1369,62.620330810546875,1223.7060546875,2021-08-16,1098.4653930664062,移動停損,False
2441,2021-08-16,68.32221984863281,63.916448320661274,1365,1369,3.3479510716029575,70.61235046386719,2021-08-18,63.916448320661274,移動停損,False
9941,2021-08-16,93.18574523925781,88.71073368617466,1365,1369,2.7075718470982144,93.97545623779297,2021-08-18,88.71073368617466,移動停損,False
1231,2021-08-09,41.38542556762695,44.54783684866769,1360,1379,1.1547352927071708,46.85730743408203,2021-09-02,44.54783684866769,移動停損,False
3264,2021-08-16,46.405609130859375,54.15760803222656,1365,1384,2.6588382720947266,59.475284576416016,2021-09-07,54.15760803222656,移動停損,False
6202,2021-08-23,104.00236511230469,102.73248073032924,1370,1384,5.038270132882254,112.80902099609375,2021-09-07,102.73248073032924,移動停損,False
2441,2021-08-30,70.73177337646484,71.57636751447406,1375,1384,2.501809528895787,76.57998657226562,2021-09-07,71.57636751447406,移動停損,False
3587,2021-08-30,125.12645721435547,125.24216025216239,1375,1384,5.408842359270368,136.05984497070312,2021-09-06,125.24216025216239,移動停損,False
4966,2021-08-30,1494.1790771484375,1626.4942452566963,1375,1384,53.910409109933035,1734.3150634765625,2021-09-07,1626.4942452566963,移動停損,False
2436,2021-09-06,77.46345520019531,71.44565418788365,1380,1384,3.846104485648019,79.13786315917969,2021-09-07,71.44565418788365,移動停損,False
5347,2021-08-30,123.65857696533203,131.86499677385603,1375,1389,6.2016721452985495,144.26834106445312,2021-09-14,131.86499677385603,移動停損,False
3033,2021-09-13,18.992219924926758,19.62113462175642,1385,1389,0.48598057883126394,20.593095779418945,2021-09-13,19.62113462175642,移動停損,False
5871,2021-09-13,205.38096618652344,198.67779541015625,1385,1389,6.4284515380859375,211.53469848632812,2021-09-17,198.67779541015625,移動停損,False
1773,2021-08-23,75.1968002319336,90.419679914202,1370,1392,3.0872906276157925,96.5942611694336,2021-09-22,90.419679914202,移動停損,False
2303,2021-09-13,53.22145080566406,49.61472538539341,1385,1392,2.0371311732700894,53.688987731933594,2021-09-22,49.61472538539341,移動停損,False
3675,2021-09-13,151.34017944335938,141.31548854282923,1385,1392,10.879822867257255,163.07513427734375,2021-09-22,141.31548854282923,移動停損,False
3529,2021-08-30,1458.615234375,1818.9709995814733,1375,1397,74.95950753348214,1968.8900146484375,2021-09-30,1818.9709995814733,移動停損,False
3017,2021-09-13,69.7123031616211,74.43521118164062,1385,1397,2.10491943359375,78.64505004882812,2021-09-28,74.43521118164062,移動停損,False
3264,2021-09-22,51.3104248046875,50.42142936706543,1390,1397,2.530881336757115,54.64005661010742,2021-09-29,50.42142936706543,移動停損,False
2597,2021-09-13,58.66915512084961,57.20805467878069,1385,1402,3.136897495814732,63.481849670410156,2021-10-05,57.20805467878069,移動停損,False
1304,2021-09-22,29.192733764648438,33.817748478480745,1390,1402,1.2517226082938058,36.32119369506836,2021-10-04,33.817748478480745,移動停損,False
3033,2021-09-27,21.10246467590332,19.491191046578543,1393,1402,0.9875540052141462,21.466299057006836,2021-10-05,19.491191046578543,移動停損,False
3675,2021-10-04,144.05642700195312,135.7010348510742,1398,1402,11.359184265136719,144.86572265625,2021-10-04,135.7010348510742,移動停損,False
3017,2021-10-12,69.62020111083984,67.9358650970459,1403,1406,3.242893763950893,69.71229553222656,2021-10-12,67.9358650970459,移動停損,False
3529,2021-10-12,2103.67919921875,2021.842738560268,1403,1406,115.53383091517857,2252.910400390625,2021-10-13,2021.842738560268,移動停損,False
6138,2021-10-12,134.87310791015625,129.29086212158202,1403,1406,8.01369639805385,137.30325317382812,2021-10-13,129.29086212158202,移動停損,False
6491,2021-10-18,482.7438049316406,462.14911499023435,1407,1411,23.901356288364955,482.7438049316406,2021-10-18,462.14911499023435,移動停損,False
3587,2021-10-25,125.1267318725586,120.93060455322265,1412,1416,6.494670322963169,125.1267318725586,2021-10-27,120.93060455322265,移動停損,False
6491,2021-11-01,495.2362060546875,469.0824224853516,1417,1421,24.37939235142299,501.4824523925781,2021-11-01,469.0824224853516,移動停損,False
3675,2021-10-18,149.7216033935547,229.72723824637276,1407,1426,10.174131120954241,250.07550048828125,2021-11-08,229.72723824637276,移動停損,False
1232,2021-05-17,131.98126220703125,126.33657509940011,1301,1431,8.525239671979632,143.38705444335938,2021-11-22,141.28762817382812,季EPS YoY轉負,False
6435,2021-11-08,104.3189926147461,124.94082423618862,1422,1436,3.354485648018973,131.64979553222656,2021-11-22,124.94082423618862,移動停損,False
2401,2021-11-15,38.1031608581543,37.20134844098772,1427,1436,1.7906488691057478,40.78264617919922,2021-11-22,37.20134844098772,移動停損,False
2436,2021-11-15,92.53312683105469,93.12483869280133,1427,1436,4.330803462437221,101.78644561767578,2021-11-22,93.12483869280133,移動停損,False
3010,2021-11-15,70.408447265625,69.48380497523716,1427,1436,0.9359234401157924,71.35565185546875,2021-11-26,69.48380497523716,移動停損,False
3443,2021-11-15,555.8370971679688,541.5112915039062,1427,1436,25.7862548828125,593.0838012695312,2021-11-25,541.5112915039062,移動停損,False
3455,2021-11-15,55.36546325683594,51.410787854875835,1427,1436,1.9773377009800501,55.36546325683594,2021-11-26,51.410787854875835,移動停損,False
3709,2021-11-15,34.587425231933594,33.33371925354004,1427,1436,1.6162919998168945,36.56630325317383,2021-11-23,33.33371925354004,移動停損,False
2368,2021-11-22,72.22151184082031,67.7493310546875,1432,1436,3.2525182451520647,72.61833953857422,2021-11-26,67.7493310546875,移動停損,False
5274,2021-11-22,2726.46240234375,2537.2791922433034,1432,1436,124.88555036272321,2787.05029296875,2021-11-24,2537.2791922433034,移動停損,False
3017,2021-11-15,75.05353546142578,78.35562678745815,1427,1441,3.3218280247279575,84.99928283691406,2021-11-29,78.35562678745815,移動停損,False
8046,2021-11-15,505.7297058105469,502.7400905064174,1427,1446,23.729442051478795,550.198974609375,2021-12-10,502.7400905064174,移動停損,False
6438,2021-11-29,87.43358612060547,87.8961933680943,1437,1446,4.423721858433315,96.74363708496094,2021-12-08,87.8961933680943,移動停損,False
2401,2021-12-06,37.966915130615234,34.70352554321289,1442,1451,1.6316947937011719,37.966915130615234,2021-12-14,34.70352554321289,移動停損,False
3455,2021-12-06,53.515010833740234,57.363939012799946,1442,1451,1.6654063633510046,60.69475173950195,2021-12-14,57.363939012799946,移動停損,False
5347,2021-12-13,128.19271850585938,123.98008163452148,1447,1451,4.4458209446498325,128.19271850585938,2021-12-13,123.98008163452148,移動停損,False
3443,2021-12-06,572.0728149414062,590.6280779157366,1442,1456,20.328844342912948,631.2857666015625,2021-12-20,590.6280779157366,移動停損,False
3037,2021-11-22,175.25274658203125,207.5344456263951,1432,1465,8.313023158482142,224.16049194335938,2022-01-06,207.5344456263951,移動停損,False
2368,2021-12-06,72.91594696044922,77.3943612234933,1442,1465,3.068280356270926,83.53092193603516,2022-01-03,77.3943612234933,移動停損,False
5274,2021-12-06,2674.529541015625,2833.418701171875,1442,1465,149.924560546875,3133.267822265625,2022-01-05,2833.418701171875,移動停損,False
2454,2021-12-20,789.44384765625,836.3466186523438,1452,1465,24.50543212890625,885.3574829101562,2022-01-06,836.3466186523438,移動停損,False
3006,2021-12-20,142.19508361816406,137.7360076904297,1452,1465,5.697715759277344,149.13143920898438,2022-01-05,137.7360076904297,移動停損,False
3033,2021-12-27,22.921642303466797,23.113956996372767,1457,1465,0.631514276776995,24.376985549926758,2022-01-03,23.113956996372767,移動停損,False
5347,2021-12-27,129.42929077148438,125.62886352539063,1457,1465,3.2092366899762834,131.90248107910156,2022-01-03,125.62886352539063,移動停損,False
8261,2021-12-27,91.52621459960938,89.53781563895089,1457,1465,3.3139855521065846,96.16578674316406,2022-01-07,89.53781563895089,移動停損,False
6138,2022-01-03,228.83872985839844,205.63662719726562,1461,1465,13.018638610839844,231.6739044189453,2022-01-05,205.63662719726562,移動停損,False
6435,2022-01-03,113.94252014160156,116.14218139648438,1461,1465,3.7119293212890625,123.5660400390625,2022-01-03,116.14218139648438,移動停損,False
3017,2021-12-13,80.5789566040039,77.73731994628906,1447,1470,2.8942642211914062,83.52584838867188,2022-01-14,77.73731994628906,移動停損,False
3455,2021-12-27,54.9953727722168,75.35030964442662,1457,1470,1.9244698115757533,79.19924926757812,2022-01-10,75.35030964442662,移動停損,False
3033,2022-01-17,22.339506149291992,22.08845932006836,1471,1475,0.5301603589739118,22.73972511291504,2022-01-21,22.08845932006836,移動停損,False
6438,2022-01-24,94.31492614746094,91.40857940673828,1476,1478,6.187429700578962,96.74363708496094,2022-01-25,91.40857940673828,移動停損,False
2313,2022-02-21,41.06410598754883,39.1750613621303,1489,1493,1.1135114942278181,41.40208435058594,2022-02-24,39.1750613621303,移動停損,False
3526,2022-02-21,140.2217559814453,133.6196565246582,1489,1493,7.146717616489956,142.7778778076172,2022-02-24,133.6196565246582,移動停損,False
3017,2022-02-14,95.7738265991211,99.36535317557198,1484,1497,4.8807847159249445,109.12692260742188,2022-03-02,99.36535317557198,移動停損,False
3037,2022-02-21,216.9149169921875,218.40283203125,1489,1497,8.992301940917969,236.38743591308594,2022-03-02,218.40283203125,移動停損,False
3035,2022-03-01,257.91363525390625,272.48016139439176,1494,1502,15.09384264264788,302.6678466796875,2022-03-07,272.48016139439176,移動停損,False
3037,2022-03-14,213.74496459960938,205.17705780029297,1503,1507,11.677049909319196,216.91490173339844,2022-03-14,205.17705780029297,移動停損,False
3675,2022-03-14,225.79632568359375,215.75284149169923,1503,1507,12.341914585658483,231.4614715576172,2022-03-15,215.75284149169923,移動停損,False
6231,2022-03-14,77.25054168701172,67.80430821010044,1503,1507,5.46220942905971,77.95925903320312,2022-03-15,67.80430821010044,移動停損,False
3702,2022-03-14,45.952964782714844,45.52980749947684,1503,1512,0.6518957955496651,46.83359909057617,2022-03-23,45.52980749947684,移動停損,False
3006,2022-03-14,137.85987854003906,141.4519260951451,1503,1517,8.174976893833705,157.8018798828125,2022-03-28,141.4519260951451,移動停損,False
3033,2022-03-14,23.321861267089844,24.07032230922154,1503,1517,0.6081255504063198,25.28657341003418,2022-03-28,24.07032230922154,移動停損,False
2313,2022-03-21,39.923439025878906,42.3194454738072,1508,1517,1.3156934465680803,44.95083236694336,2022-03-29,42.3194454738072,移動停損,False
3624,2022-03-21,74.65462493896484,72.18874413626534,1508,1517,3.7358128683907643,79.66036987304688,2022-03-28,72.18874413626534,移動停損,False
8261,2022-03-21,97.4311294555664,93.56280299595424,1508,1517,3.410393851143973,100.38359069824219,2022-03-28,93.56280299595424,移動停損,False
2368,2022-03-28,82.4396743774414,84.32457079206195,1513,1520,3.0257601056780135,90.37609100341797,2022-04-07,84.32457079206195,移動停損,False
3675,2022-03-28,225.79632568359375,247.24298095703125,1513,1520,11.330276489257812,269.9035339355469,2022-04-06,247.24298095703125,移動停損,False
4919,2022-03-28,158.35662841796875,165.66636657714844,1513,1520,7.5933074951171875,180.8529815673828,2022-04-06,165.66636657714844,移動停損,False
3035,2022-03-21,253.76113891601562,269.382315499442,1508,1525,18.257618495396205,305.8975524902344,2022-04-11,269.382315499442,移動停損,False
6231,2022-03-28,71.93514251708984,73.21084594726562,1513,1525,4.854732513427734,82.9203109741211,2022-04-14,73.21084594726562,移動停損,False
2313,2022-04-11,40.783321380615234,39.08641166687012,1521,1525,1.662660871233259,40.87102508544922,2022-04-11,39.08641166687012,移動停損,False
3624,2022-04-11,76.89857482910156,74.55598994663784,1521,1530,4.623532431466239,83.80305480957031,2022-04-18,74.55598994663784,移動停損,False
2313,2022-04-25,40.783321380615234,39.93214965820312,1531,1535,1.598226819719587,40.783321380615234,2022-04-25,39.93214965820312,移動停損,False
3653,2022-04-25,336.7086181640625,332.60808837890625,1531,1535,13.449957711356026,336.7086181640625,2022-04-25,332.60808837890625,移動停損,False
2637,2022-05-16,71.6713638305664,69.19475379943847,1545,1549,4.191996165684292,72.0466079711914,2022-05-16,69.19475379943847,移動停損,False
3017,2022-05-23,101.29924774169922,100.65461990356445,1550,1554,4.012501307896206,104.06195068359375,2022-05-23,100.65461990356445,移動停損,False
4919,2022-05-23,155.7100067138672,143.5481240408761,1550,1554,6.963151114327567,157.47442626953125,2022-05-24,143.5481240408761,移動停損,False
1712,2022-05-23,27.126895904541016,25.501987648010253,1550,1558,1.0409928730555944,27.515533447265625,2022-06-02,25.501987648010253,移動停損,False
1560,2022-05-23,120.2967529296875,149.11510576520647,1550,1563,5.023379734584263,159.161865234375,2022-06-06,149.11510576520647,移動停損,False
6664,2022-05-23,79.05297088623047,82.28640965053013,1550,1563,2.543963296072824,87.37433624267578,2022-06-06,82.28640965053013,移動停損,False
1605,2022-05-30,39.976524353027344,38.63168798174177,1555,1563,2.112432071140834,42.85655212402344,2022-06-06,38.63168798174177,移動停損,False
3017,2022-06-06,103.14105224609375,100.75591873168945,1559,1563,4.374286651611328,103.60150909423828,2022-06-07,100.75591873168945,移動停損,False
4919,2022-06-06,154.38668823242188,151.48800441196985,1559,1568,5.639840262276786,162.76768493652344,2022-06-13,151.48800441196985,移動停損,False
2313,2022-06-13,41.090293884277344,40.879180908203125,1564,1568,1.3343846457345145,41.79194641113281,2022-06-17,40.879180908203125,移動停損,False
2368,2022-06-13,91.16973876953125,87.47079685756138,1564,1568,2.990332467215402,93.45146179199219,2022-06-14,87.47079685756138,移動停損,False
3624,2022-06-13,74.56832122802734,71.3870809173584,1564,1568,3.033036368233817,75.60398864746094,2022-06-16,71.3870809173584,移動停損,False
3675,2022-06-13,257.7638854980469,255.74063690185548,1564,1568,12.139588492257255,263.83367919921875,2022-06-14,255.74063690185548,移動停損,False
5425,2022-06-13,74.41342163085938,72.16894640241351,1564,1568,2.6761202130998885,77.52118682861328,2022-06-16,72.16894640241351,移動停損,False
8261,2022-06-13,114.20441436767578,107.19339425223214,1564,1568,5.9495713370186945,119.09253692626953,2022-06-17,107.19339425223214,移動停損,False
2368,2022-06-27,84.37858581542969,82.00514266967774,1574,1578,4.595701490129743,88.14912414550781,2022-06-30,82.00514266967774,移動停損,False
2313,2022-07-18,43.41450500488281,41.547614506312776,1589,1598,1.635092054094587,44.81779861450195,2022-07-27,41.547614506312776,移動停損,False
2368,2022-07-25,85.09193420410156,80.17948776245117,1594,1603,3.6613551548549106,86.51863098144531,2022-08-04,80.17948776245117,移動停損,False
5425,2022-08-01,71.80924987792969,68.43745574951171,1599,1603,2.2455945696149553,72.25471496582031,2022-08-02,68.43745574951171,移動停損,False
8114,2022-07-18,119.95817565917969,133.79474530901228,1589,1608,8.747891017368861,151.29052734375,2022-08-12,133.79474530901228,移動停損,False
2313,2022-08-08,43.10753631591797,43.48968069893973,1604,1613,1.1902964455740792,45.87027359008789,2022-08-17,43.48968069893973,移動停損,False
2480,2022-08-08,73.73458099365234,73.95504106794085,1604,1613,1.4759172712053572,76.90687561035156,2022-08-18,73.95504106794085,移動停損,False
4958,2022-07-25,98.56841278076172,99.85081808907645,1594,1618,3.3191397530691966,106.48909759521484,2022-08-24,99.85081808907645,移動停損,False
1560,2022-08-01,148.040771484375,158.40804617745536,1599,1618,7.35016850062779,173.10838317871094,2022-08-22,158.40804617745536,移動停損,False
3017,2022-07-25,95.77384185791016,102.97004045758929,1594,1623,4.920249394008091,112.81053924560547,2022-08-29,102.97004045758929,移動停損,False
1712,2022-08-15,28.292810440063477,35.01623044695173,1609,1623,0.5635247911725726,36.143280029296875,2022-08-29,35.01623044695173,移動停損,False
4908,2022-08-22,33.97975540161133,34.468187604631694,1614,1623,1.5536545344761439,37.575496673583984,2022-08-29,34.468187604631694,移動停損,False
8114,2022-08-22,137.41476440429688,140.8677215576172,1614,1623,6.778022766113281,154.42376708984375,2022-08-29,140.8677215576172,移動停損,False
9933,2022-08-22,36.585670471191406,35.86615971156529,1614,1623,0.621657235281808,37.109474182128906,2022-09-01,35.86615971156529,移動停損,False
4763,2022-08-22,8.144747734069824,8.976514339447021,1614,1632,0.23831439018249512,9.453143119812012,2022-09-12,8.976514339447021,移動停損,False
1712,2022-09-12,35.44373321533203,32.140313557216096,1628,1637,1.8071644646780831,35.754642486572266,2022-09-19,32.140313557216096,移動停損,False
4908,2022-09-12,34.833744049072266,33.491756439208984,1628,1637,1.5249805450439453,36.541717529296875,2022-09-22,33.491756439208984,移動停損,False
8114,2022-09-19,142.3384246826172,134.9439956665039,1633,1637,6.905909946986607,142.78602600097656,2022-09-22,134.9439956665039,移動停損,False
1513,2022-08-22,59.54581069946289,58.92111315046038,1614,1642,2.126635960170201,63.17438507080078,2022-09-26,58.92111315046038,移動停損,False
4536,2022-09-19,143.54335021972656,139.9139360700335,1633,1642,4.990442548479352,149.8948211669922,2022-09-26,139.9139360700335,移動停損,False
4958,2022-09-19,101.648681640625,98.16182067871094,1633,1642,2.7659514290945872,102.08871459960938,2022-09-26,98.16182067871094,移動停損,False
8069,2022-09-19,219.8612518310547,206.10314287458147,1633,1642,9.697787693568639,225.49871826171875,2022-09-26,206.10314287458147,移動停損,False
2368,2022-09-26,92.79065704345703,89.99014064243862,1638,1642,2.5491845267159596,93.71855926513672,2022-09-26,89.99014064243862,移動停損,False
1605,2022-09-26,36.254432678222656,35.005179268973215,1638,1651,1.3989053453717912,37.8029899597168,2022-10-11,35.005179268973215,移動停損,False
4763,2022-09-26,8.537267684936523,8.646382059369769,1638,1651,0.4766298702784947,9.599641799926758,2022-10-11,8.646382059369769,移動停損,False
9933,2022-10-31,37.834739685058594,37.39957832336426,1662,1666,0.9152183532714844,38.11678695678711,2022-11-03,37.39957832336426,移動停損,False
1605,2022-11-14,38.94163131713867,41.94114031110491,1672,1681,1.4834913526262556,44.90812301635742,2022-11-21,41.94114031110491,移動停損,False
4958,2022-11-07,100.76860046386719,101.39722442626953,1667,1691,3.426006317138672,108.24923706054688,2022-12-08,101.39722442626953,移動停損,False
5009,2022-11-28,27.697898864746094,27.23525129045759,1682,1691,0.9131179537091937,29.061487197875977,2022-12-07,27.23525129045759,移動停損,False
3022,2022-12-05,66.20614624023438,64.67139162336078,1687,1696,2.4268926892961775,69.52517700195312,2022-12-15,64.67139162336078,移動停損,False
3533,2022-10-31,709.5226440429688,782.2975027901786,1662,1701,32.91261945452009,848.1227416992188,2022-12-19,782.2975027901786,移動停損,False
3443,2022-12-19,746.528564453125,722.4915509905134,1697,1701,31.358625139508927,785.2088012695312,2022-12-20,722.4915509905134,移動停損,False
6664,2022-12-19,88.45462036132812,83.5769784109933,1697,1701,3.1022311619349887,89.78144073486328,2022-12-20,83.5769784109933,移動停損,False
1477,2022-12-19,186.1100616455078,184.74952043805803,1697,1706,5.838969639369419,196.42745971679688,2022-12-29,184.74952043805803,移動停損,False
1795,2022-12-19,221.68695068359375,215.47460283551897,1697,1715,12.323443821498326,240.12149047851562,2023-01-13,215.47460283551897,移動停損,False
6664,2023-01-03,86.77397918701172,81.47934395926339,1707,1715,2.868455614362444,87.21625518798828,2023-01-13,81.47934395926339,移動停損,False
3680,2023-01-09,263.0108337402344,262.0831996372768,1711,1717,9.973079136439733,282.02935791015625,2023-01-16,262.0831996372768,移動停損,False
5009,2023-01-16,31.405153274536133,33.80969973972866,1716,1727,0.7791940144130162,35.36808776855469,2023-02-06,33.80969973972866,移動停損,False
2493,2023-01-30,40.781707763671875,42.006910596575054,1718,1727,0.5250862666538784,43.05708312988281,2023-02-10,42.006910596575054,移動停損,False
3680,2023-02-06,262.0832214355469,271.95679364885603,1723,1732,10.834545680454799,293.6258850097656,2023-02-13,271.95679364885603,移動停損,False
6409,2023-02-06,1552.6982421875,1486.8010009765626,1723,1732,69.31688581194196,1603.530517578125,2023-02-13,1486.8010009765626,移動停損,False
3617,2023-02-13,96.6548080444336,95.35956682477679,1728,1732,3.213679722377232,111.62347412109375,2023-02-20,109.91276550292969,季EPS YoY轉負,False
3022,2022-12-26,64.63397216796875,70.69807270595005,1702,1737,2.8636101313999722,76.42529296875,2023-02-22,70.69807270595005,移動停損,False
6146,2023-02-13,201.8328094482422,211.71847316196985,1728,1750,7.414269583565848,226.54701232910156,2023-03-13,211.71847316196985,移動停損,False
1513,2023-02-20,84.85277557373047,89.9301289149693,1733,1750,2.950707026890346,95.83154296875,2023-03-13,89.9301289149693,移動停損,False
4763,2023-03-01,23.539386749267578,21.952520642961776,1738,1750,1.5246876307896204,25.001895904541016,2023-03-13,21.952520642961776,移動停損,False
5009,2023-03-13,42.2712516784668,43.33047103881836,1746,1760,1.6436119079589844,46.61769485473633,2023-03-27,43.33047103881836,移動停損,False
3017,2023-03-27,139.26622009277344,135.53587559291296,1756,1760,5.733679635184152,147.00323486328125,2023-03-28,135.53587559291296,移動停損,False
3088,2023-03-13,60.7120361328125,62.46731294904436,1746,1762,2.6157125745500838,67.69873809814453,2023-04-06,62.46731294904436,移動停損,False
6670,2023-03-13,189.6025848388672,183.88506862095423,1746,1762,5.688653128487723,195.2623748779297,2023-04-06,183.88506862095423,移動停損,False
2421,2023-03-20,44.1412467956543,47.09876305716379,1751,1762,1.0292679922921317,49.15729904174805,2023-04-07,47.09876305716379,移動停損,False
6669,2023-03-27,1010.679443359375,985.853498186384,1756,1762,39.852242606026785,1065.5579833984375,2023-04-06,985.853498186384,移動停損,False
3023,2023-04-06,306.1833190917969,294.3302525111607,1761,1762,7.923525129045759,306.1833190917969,2023-04-06,294.3302525111607,移動停損,False
1513,2023-03-27,89.31871795654297,102.66336386544364,1756,1772,3.0969145638602122,108.85719299316406,2023-04-17,102.66336386544364,移動停損,False
3653,2023-04-06,454.6745910644531,449.03245326450894,1761,1772,20.160363333565847,489.3531799316406,2023-04-20,449.03245326450894,移動停損,False
4763,2023-04-06,24.479572296142578,30.429092952183314,1761,1772,1.186420168195452,32.80193328857422,2023-04-21,30.429092952183314,移動停損,False
3017,2023-04-10,139.74978637695312,138.71356528145927,1763,1772,6.8044264657156805,152.32241821289062,2023-04-21,138.71356528145927,移動停損,False
3022,2023-04-10,75.11515045166016,71.7836309160505,1763,1772,2.015132631574358,75.81389617919922,2023-04-19,71.7836309160505,移動停損,False
5009,2023-04-10,44.74275588989258,50.738897051130024,1763,1772,1.5614310673304967,53.861759185791016,2023-04-17,50.738897051130024,移動停損,False
1519,2023-04-17,75.80453491210938,75.05138451712472,1768,1777,3.8113400595528737,82.67406463623047,2023-04-25,75.05138451712472,移動停損,False
1519,2023-05-08,80.27771759033203,78.10958208356585,1782,1786,4.478892735072544,87.06736755371094,2023-05-11,78.10958208356585,移動停損,False
3017,2023-05-02,152.32240295410156,164.68780517578125,1778,1791,7.3570709228515625,179.40194702148438,2023-05-15,164.68780517578125,移動停損,False
3653,2023-05-15,447.4499206542969,431.2858319091797,1787,1791,14.896641322544642,516.3253784179688,2023-05-22,512.4722290039062,季EPS YoY轉負,False
6139,2023-05-22,56.57630920410156,53.32566615513393,1792,1801,2.3779002598353793,58.08146667480469,2023-06-02,53.32566615513393,移動停損,False
8996,2023-05-29,264.26751708984375,241.86490958077567,1797,1801,11.443292890276227,264.7514953613281,2023-05-31,241.86490958077567,移動停損,False
2421,2023-05-15,58.7333984375,78.78456333705357,1787,1806,2.924944741385324,84.63445281982422,2023-06-05,78.78456333705357,移動停損,False
2493,2023-05-15,50.408287048339844,60.05987112862723,1787,1806,1.0814288003104073,62.22272872924805,2023-06-05,60.05987112862723,移動停損,False
1795,2023-05-22,324.7312316894531,297.5183628627232,1792,1806,13.842777797154017,325.20391845703125,2023-06-06,297.5183628627232,移動停損,False
6579,2023-05-29,94.5922622680664,114.28289467947823,1797,1806,3.4567200796944753,121.19633483886719,2023-06-05,114.28289467947823,移動停損,False
2727,2023-05-22,247.5431671142578,276.1383514404297,1792,1811,9.588142395019531,295.31463623046875,2023-06-12,276.1383514404297,移動停損,False
2206,2023-05-29,63.70645523071289,82.9053213936942,1797,1811,2.7481716700962613,88.40166473388672,2023-06-13,82.9053213936942,移動停損,False
6139,2023-06-12,57.992923736572266,55.5264892578125,1807,1811,2.3020098549979076,58.61269760131836,2023-06-12,55.5264892578125,移動停損,False
3005,2023-05-22,56.51577377319336,62.27913774762835,1792,1814,1.9004205976213728,66.0799789428711,2023-06-19,62.27913774762835,移動停損,False
6166,2023-06-05,63.89717483520508,71.4279180254255,1802,1814,2.107532228742327,75.64298248291016,2023-06-19,71.4279180254255,移動停損,False
8996,2023-06-12,283.6277770996094,293.9992980957031,1807,1814,15.142486572265625,324.2842712402344,2023-06-20,293.9992980957031,移動停損,False
3017,2023-06-19,238.88023376464844,228.86355590820312,1812,1819,10.81109619140625,250.48574829101562,2023-06-27,228.86355590820312,移動停損,False
6291,2023-06-19,231.2323455810547,225.12432643345423,1812,1819,12.652337210518974,250.4290008544922,2023-06-26,225.12432643345423,移動停損,False
2727,2023-06-26,261.75616455078125,257.8633782958984,1815,1819,10.32135009765625,265.3094482421875,2023-06-26,257.8633782958984,移動停損,False
3680,2023-06-19,375.66796875,384.0547354561942,1812,1824,13.372153145926339,410.7990417480469,2023-07-05,384.0547354561942,移動停損,False
1513,2023-06-26,124.20884704589844,122.14866202218192,1815,1824,4.751703534807477,131.65206909179688,2023-07-05,122.14866202218192,移動停損,False
5904,2023-06-26,496.79547119140625,487.1784449986049,1815,1824,11.625575474330358,510.4295959472656,2023-07-07,487.1784449986049,移動停損,False
2206,2023-06-26,80.2593994140625,73.95777566092355,1815,1829,3.8218781607491628,81.60153198242188,2023-07-10,73.95777566092355,移動停損,False
6166,2023-07-03,72.26019287109375,71.29368264334542,1820,1829,2.879399980817522,77.05248260498047,2023-07-10,71.29368264334542,移動停損,False
6472,2023-07-10,510.2410888671875,479.0231148856027,1825,1829,19.023018973214285,517.0691528320312,2023-07-12,479.0231148856027,移動停損,False
6291,2023-07-10,226.86949157714844,199.8196520124163,1825,1834,15.924494062151227,231.66864013671875,2023-07-18,199.8196520124163,移動停損,False
6139,2023-07-17,72.60183715820312,66.46736199515206,1830,1839,3.2000462668282643,72.8674545288086,2023-07-28,66.46736199515206,移動停損,False
6472,2023-07-24,630.042236328125,583.268327985491,1835,1839,26.490591866629465,636.24951171875,2023-07-26,583.268327985491,移動停損,False
6139,2023-08-07,69.50296783447266,64.40566853114537,1844,1848,3.256962639944894,70.91959381103516,2023-08-08,64.40566853114537,移動停損,False
6472,2023-08-07,569.831298828125,555.8202776227679,1844,1853,32.100694928850444,620.0216674804688,2023-08-14,555.8202776227679,移動停損,False
1519,2023-08-21,191.57070922851562,226.73243495396207,1854,1873,17.58084978376116,261.8941345214844,2023-09-11,226.73243495396207,移動停損,False
1808,2023-09-04,40.09675216674805,40.80958557128906,1864,1873,1.4033851623535156,43.616355895996094,2023-09-15,40.80958557128906,移動停損,False
5284,2023-09-11,144.26795959472656,132.3934827532087,1869,1873,6.65379878452846,145.70108032226562,2023-09-12,132.3934827532087,移動停損,False
3014,2023-08-21,120.8765640258789,150.88861301967077,1854,1878,5.957808358328683,162.80422973632812,2023-09-21,150.88861301967077,移動停損,False
3596,2023-08-21,121.82582092285156,147.61832318987166,1854,1878,5.070858546665737,157.76004028320312,2023-09-21,147.61832318987166,移動停損,False
4763,2023-08-21,55.298622131347656,75.20005362374442,1854,1878,4.760137830461774,84.72032928466797,2023-09-20,75.20005362374442,移動停損,False
3005,2023-09-18,64.6888198852539,64.66397639683315,1874,1878,2.1861049107142856,69.03618621826172,2023-09-18,64.66397639683315,移動停損,False
3617,2023-08-21,215.5487823486328,245.05943516322543,1854,1890,16.43044172014509,277.9203186035156,2023-10-11,245.05943516322543,移動停損,False
6197,2023-09-25,67.1055679321289,69.88271713256836,1879,1895,2.2097034454345703,74.3021240234375,2023-10-17,69.88271713256836,移動停損,False
3005,2023-10-02,67.81892395019531,64.80061503819057,1883,1895,3.1176825932094028,71.03598022460938,2023-10-18,64.80061503819057,移動停損,False
3014,2023-10-02,141.84039306640625,143.17852783203125,1883,1895,5.7985076904296875,154.77554321289062,2023-10-16,143.17852783203125,移動停損,False
3596,2023-10-02,143.29869079589844,138.60345458984375,1883,1895,5.634284973144531,149.8720245361328,2023-10-18,138.60345458984375,移動停損,False
6291,2023-10-02,197.9978790283203,181.3070053100586,1883,1895,10.591317313058036,201.51783752441406,2023-10-18,181.3070053100586,移動停損,False
3526,2023-10-16,165.1624755859375,158.6679905482701,1891,1895,4.7070127214704245,168.08201599121094,2023-10-18,158.6679905482701,移動停損,False
4763,2023-10-02,80.11212158203125,92.47346714564732,1883,1900,5.165255410330636,102.8039779663086,2023-10-26,92.47346714564732,移動停損,False
6197,2023-10-30,78.32098388671875,80.00329916817802,1901,1910,4.299242292131696,88.6017837524414,2023-11-07,80.00329916817802,移動停損,False
3014,2023-11-06,145.40872192382812,142.3488916015625,1906,1910,5.256886073521206,147.19287109375,2023-11-09,142.3488916015625,移動停損,False
1808,2023-09-25,42.057037353515625,41.50916344778879,1879,1915,1.3301942007882255,44.169551849365234,2023-11-13,41.50916344778879,移動停損,False
4766,2023-11-13,227.24327087402344,226.7896990094866,1911,1915,7.710848127092634,242.21139526367188,2023-11-13,226.7896990094866,移動停損,False
3005,2023-11-20,80.16544342041016,81.55660847255162,1916,1920,2.4779976436070035,86.51260375976562,2023-11-20,81.55660847255162,移動停損,False
6139,2023-10-16,99.87239837646484,132.81252942766463,1891,1925,7.00224358694894,146.8170166015625,2023-11-27,132.81252942766463,移動停損,False
3693,2023-12-04,480.2853698730469,459.36064086914064,1926,1930,20.597032819475448,484.96649169921875,2023-12-04,459.36064086914064,移動停損,False
5439,2023-11-20,110.2825927734375,136.63088989257812,1916,1935,6.077766418457031,148.7864227294922,2023-12-11,136.63088989257812,移動停損,False
1519,2023-11-27,223.0950164794922,281.12051173618863,1921,1935,11.403016226632255,303.9265441894531,2023-12-11,281.12051173618863,移動停損,False
3005,2023-12-04,96.0768051147461,90.48733847481864,1926,1940,5.403154645647321,101.29364776611328,2023-12-19,90.48733847481864,移動停損,False
4766,2023-11-27,232.6862335205078,252.51412963867188,1921,1945,11.404281616210938,275.32269287109375,2023-12-26,252.51412963867188,移動停損,False
3526,2023-10-30,152.65016174316406,155.80801609584265,1901,1949,5.719916207449777,167.2478485107422,2024-01-04,155.80801609584265,移動停損,False
2493,2023-12-18,73.6062240600586,73.95053427559989,1936,1954,1.5428450448172433,77.03622436523438,2024-01-08,73.95053427559989,移動停損,False
6139,2023-12-18,146.3567657470703,145.4362738473075,1936,1954,7.133746010916574,159.70376586914062,2024-01-10,145.4362738473075,移動停損,False
4766,2024-01-15,255.8187713623047,248.1727076939174,1955,1959,8.812404087611608,265.7975158691406,2024-01-18,248.1727076939174,移動停損,False
3005,2024-01-15,89.5557632446289,92.28839438302177,1955,1969,3.198419843401228,98.68523406982422,2024-01-29,92.28839438302177,移動停損,False
2850,2024-01-29,60.84455871582031,60.01742172241211,1965,1969,0.9321937561035156,61.02091598510742,2024-01-31,60.01742172241211,移動停損,False
6643,2024-01-15,1058.5009765625,1443.5385916573662,1955,1970,44.305228097098215,1532.1490478515625,2024-02-05,1443.5385916573662,移動停損,False
2329,2024-02-19,69.8727798461914,68.13621847970145,1973,1977,3.1312833513532365,73.98857879638672,2024-02-19,68.13621847970145,移動停損,False
3014,2024-02-19,149.86911010742188,145.40873500279017,1973,1977,3.345292227608817,152.0993194580078,2024-02-21,145.40873500279017,移動停損,False
4766,2024-01-29,258.086669921875,272.92519923618863,1965,1981,7.548859732491629,288.0229187011719,2024-02-29,272.92519923618863,移動停損,False
1519,2024-02-05,398.903564453125,422.8643319266183,1970,1981,18.129357474190847,459.123046875,2024-02-29,422.8643319266183,移動停損,False
2543,2024-02-19,16.235578536987305,19.59922504425049,1973,1981,0.7813210487365723,21.161867141723633,2024-02-26,19.59922504425049,移動停損,False
3217,2024-02-19,161.0492401123047,169.1082000732422,1973,1981,6.206695556640625,181.52159118652344,2024-02-27,169.1082000732422,移動停損,False
3526,2024-02-19,173.08694458007812,175.41065543038505,1973,1981,3.8430655343191966,183.09678649902344,2024-02-26,175.41065543038505,移動停損,False
6191,2024-02-19,64.0774154663086,61.80872181483677,1973,1981,1.5036705562046595,64.8160629272461,2024-02-27,61.80872181483677,移動停損,False
3017,2024-02-19,498.7051696777344,593.9532339913504,1973,1991,25.859045846121653,645.6713256835938,2024-03-11,593.9532339913504,移動停損,False
6139,2024-02-19,155.2386932373047,157.816654750279,1973,1991,6.357099260602679,170.53085327148438,2024-03-14,157.816654750279,移動停損,False
6197,2024-02-19,86.91947174072266,107.76145499093192,1973,1991,2.1963484627859935,112.1541519165039,2024-03-11,107.76145499093192,移動停損,False
6239,2024-02-19,136.8019256591797,155.95548575265067,1973,1991,4.966944013323102,165.88937377929688,2024-03-11,155.95548575265067,移動停損,False
2597,2024-03-11,74.15389251708984,78.18572017124721,1987,1991,1.5811053684779577,81.34793090820312,2024-03-11,78.18572017124721,移動停損,False
4766,2024-03-11,266.7046813964844,263.3663269042969,1987,1991,10.983095441545759,272.1476135253906,2024-03-12,263.3663269042969,移動停損,False
2850,2024-02-19,61.63818359375,74.63851601736886,1973,1996,0.8188187735421317,76.27615356445312,2024-03-18,74.63851601736886,移動停損,False
2006,2024-03-04,65.75244140625,64.23117283412388,1982,1996,1.1832073756626673,66.59758758544922,2024-03-22,64.23117283412388,移動停損,False
2543,2024-03-11,23.942842483520508,23.58339445931571,1987,1996,2.21910217830113,28.02159881591797,2024-03-18,23.58339445931571,移動停損,False
1519,2024-03-11,407.3908996582031,535.4511282784598,1987,2001,21.651297433035715,578.7537231445312,2024-03-28,535.4511282784598,移動停損,False
2329,2024-03-04,70.06421661376953,60.57465308053153,1982,2014,4.888359342302595,70.35137176513672,2024-04-19,60.57465308053153,移動停損,False
3526,2024-03-11,178.09185791015625,186.07589503696985,1987,2014,7.060517447335379,200.19692993164062,2024-04-16,186.07589503696985,移動停損,False
6491,2024-03-25,430.9962463378906,447.505379813058,1997,2014,14.479304722377233,476.4639892578125,2024-04-15,447.505379813058,移動停損,False
4766,2024-04-15,321.13421630859375,305.25892857142856,2010,2014,11.793066842215401,328.8450622558594,2024-04-17,305.25892857142856,移動停損,False
6139,2024-04-15,330.8669128417969,302.8644016810826,2010,2014,19.363463265555247,330.8669128417969,2024-04-16,302.8644016810826,移動停損,False
6239,2024-04-15,168.6163330078125,162.9676470075335,2010,2014,6.687517438616071,176.34268188476562,2024-04-16,162.9676470075335,移動停損,False
9939,2024-04-15,145.65435791015625,143.52704511369978,2010,2019,2.925053187779018,149.3771514892578,2024-04-23,143.52704511369978,移動停損,False
2850,2024-04-15,78.21611785888672,83.44395010811942,2010,2028,1.7951033455984933,87.0341567993164,2024-05-08,83.44395010811942,移動停損,False
4766,2024-04-29,312.0625915527344,314.5896998814174,2020,2033,14.61173575265067,349.2561340332031,2024-05-20,358.3277282714844,季EPS YoY轉負,False
9939,2024-05-06,158.6841278076172,157.6204833984375,2024,2033,4.2546234130859375,166.12973022460938,2024-05-15,157.6204833984375,移動停損,False
2467,2024-05-20,153.9935760498047,138.5603757585798,2034,2038,7.7166001456124445,153.9935760498047,2024-05-20,138.5603757585798,移動停損,False
3324,2024-05-20,840.5878295898438,773.2236589704241,2034,2038,36.12282017299107,845.4692993164062,2024-05-21,773.2236589704241,移動停損,False
3406,2024-05-20,508.1517639160156,481.63248552594865,2034,2038,16.072276524135045,513.7770385742188,2024-05-23,481.63248552594865,移動停損,False
6605,2024-05-20,208.9857940673828,198.43698120117188,2034,2038,8.757499694824219,215.9519805908203,2024-05-23,198.43698120117188,移動停損,False
3533,2024-05-20,1528.072265625,1544.4444580078125,2034,2043,56.27947998046875,1657.00341796875,2024-05-30,1544.4444580078125,移動停損,False
9958,2024-05-27,292.33526611328125,272.1433367047991,2039,2043,17.81439426967076,307.7721252441406,2024-05-31,272.1433367047991,移動停損,False
2454,2024-05-20,1074.055419921875,1150.9712873186384,2034,2048,32.992139543805806,1216.95556640625,2024-06-03,1150.9712873186384,移動停損,False
6664,2024-05-20,207.76162719726562,242.23327418736048,2034,2048,8.850831168038505,259.9349365234375,2024-06-03,242.23327418736048,移動停損,False
9911,2024-05-20,81.27137756347656,76.89522334507534,2034,2048,2.5899669102260043,82.07515716552734,2024-06-03,76.89522334507534,移動停損,False
3017,2024-05-27,715.2352905273438,742.8089338030134,2039,2048,28.833356584821427,800.4756469726562,2024-06-03,742.8089338030134,移動停損,False
3324,2024-06-03,871.8291625976562,803.2097691127232,2044,2048,40.655613490513396,884.52099609375,2024-06-05,803.2097691127232,移動停損,False
6239,2024-06-11,162.25344848632812,161.962568359375,2049,2052,6.200564793178013,171.34327697753906,2024-06-11,161.962568359375,移動停損,False
2597,2024-05-13,93.52245330810547,101.7837415422712,2029,2057,3.4784333365304128,108.74060821533203,2024-06-21,101.7837415422712,移動停損,False
9958,2024-06-11,320.3145446777344,325.1385410853795,2049,2057,15.43684823172433,356.0122375488281,2024-06-19,325.1385410853795,移動停損,False
2382,2024-06-03,266.29595947265625,299.0205078125,2044,2062,8.692459106445312,316.4054260253906,2024-06-24,299.0205078125,移動停損,False
3533,2024-06-11,1513.7467041015625,1570.3671351841517,2049,2062,57.643824986049104,1685.65478515625,2024-06-24,1570.3671351841517,移動停損,False
1519,2024-06-17,755.7747802734375,709.5853009905134,2053,2062,34.815320696149556,779.2159423828125,2024-06-25,709.5853009905134,移動停損,False
2543,2024-06-17,33.50244140625,29.70420401436942,2053,2062,1.8991186959402901,33.50244140625,2024-06-27,29.70420401436942,移動停損,False
6197,2024-06-17,186.923583984375,171.1686030796596,2053,2062,9.746730259486608,190.6620635986328,2024-06-25,171.1686030796596,移動停損,False
3406,2024-06-03,506.2767028808594,601.4379446847098,2044,2067,18.98537336077009,639.40869140625,2024-07-04,601.4379446847098,移動停損,False
2597,2024-07-01,101.79155731201172,98.69109573364258,2063,2067,3.053874969482422,101.79155731201172,2024-07-01,98.69109573364258,移動停損,False
6197,2024-07-08,176.85533142089844,159.9030521937779,2068,2072,9.479987008231026,176.85533142089844,2024-07-09,159.9030521937779,移動停損,False
1519,2024-07-08,759.8163452148438,742.3798130580357,2068,2077,28.926151820591517,800.2321166992188,2024-07-15,742.3798130580357,移動停損,False
2382,2024-07-08,297.7933349609375,306.1790248325893,2068,2077,11.555858067103795,329.2907409667969,2024-07-16,306.1790248325893,移動停損,False
2543,2024-07-08,41.137569427490234,39.816473552158904,2068,2077,1.94404479435512,43.70456314086914,2024-07-15,39.816473552158904,移動停損,False
6223,2024-07-08,569.0012817382812,581.9975280761719,2068,2077,23.204696655273438,628.4069213867188,2024-07-19,581.9975280761719,移動停損,False
9939,2024-05-27,148.4464569091797,156.05519104003906,2039,2080,4.587013244628906,165.22921752929688,2024-07-26,156.05519104003906,移動停損,False
6231,2024-07-15,450.15399169921875,455.3967808314732,2073,2080,27.30775887625558,510.0122985839844,2024-07-22,455.3967808314732,移動停損,False
6664,2024-07-15,277.6366271972656,261.93138994489397,2073,2080,15.073031834193639,292.07745361328125,2024-07-26,261.93138994489397,移動停損,False
2467,2024-07-15,196.55555725097656,204.5782230922154,2073,2085,11.722790309361049,228.0238037109375,2024-07-29,204.5782230922154,移動停損,False
2850,2024-07-15,87.84699249267578,85.38759504045758,2073,2085,1.788048335484096,88.96369171142578,2024-08-02,85.38759504045758,移動停損,False
1514,2024-07-29,143.27398681640625,128.47321210588728,2081,2085,7.633724757603237,143.74066162109375,2024-07-30,128.47321210588728,移動停損,False
6223,2024-07-29,575.2188110351562,514.6653729248047,2081,2085,44.803540910993306,578.1737060546875,2024-07-30,514.6653729248047,移動停損,False
2597,2024-07-22,110.6305923461914,131.32292284284318,2078,2090,4.195487431117466,139.71389770507812,2024-08-05,131.32292284284318,移動停損,False
6640,2024-07-22,751.5303344726562,752.7834995814732,2078,2090,62.731968470982146,878.2474365234375,2024-08-05,752.7834995814732,移動停損,False
2543,2024-07-29,40.87429428100586,37.818355560302734,2081,2090,2.679819107055664,43.17799377441406,2024-08-05,37.818355560302734,移動停損,False
9911,2024-08-05,82.25376892089844,79.71482849121094,2086,2090,2.5644498552594865,82.25376892089844,2024-08-05,79.71482849121094,移動停損,False
6206,2024-08-19,84.94889068603516,84.69190841674805,2096,2100,3.1465072631835938,84.94889068603516,2024-08-19,84.69190841674805,移動停損,False
6670,2024-08-19,261.75543212890625,260.61263092041014,2096,2105,9.666149684361049,270.65228271484375,2024-08-27,260.61263092041014,移動停損,False
8464,2024-08-19,408.8712158203125,410.1238272530692,2096,2105,20.371039254324778,450.86590576171875,2024-08-27,410.1238272530692,移動停損,False
6223,2024-08-12,557.489501953125,757.9999738420759,2091,2110,44.534436907087056,847.06884765625,2024-09-02,757.9999738420759,移動停損,False
3131,2024-08-19,1946.2252197265625,1830.7891671316966,2096,2110,139.01606096540178,2108.8212890625,2024-09-02,1830.7891671316966,移動停損,False
3705,2024-08-19,54.43225860595703,52.78732027326311,2096,2110,1.488595417567662,55.76451110839844,2024-09-04,52.78732027326311,移動停損,False
6670,2024-09-09,276.2713928222656,276.73965890066967,2111,2119,7.023847307477679,290.787353515625,2024-09-18,276.73965890066967,移動停損,False
2504,2024-09-16,51.76887130737305,49.067420959472656,2116,2119,1.8187980651855469,52.70501708984375,2024-09-20,49.067420959472656,移動停損,False
6223,2024-09-16,783.0462036132812,746.1804286411831,2116,2124,39.60961478097098,825.399658203125,2024-09-24,746.1804286411831,移動停損,False
3526,2024-09-16,209.24313354492188,222.90443638392858,2116,2127,4.793982369559152,232.49240112304688,2024-09-30,222.90443638392858,移動停損,False
2618,2024-09-23,35.02334976196289,34.44578007289341,2120,2127,0.6883801051548549,35.822540283203125,2024-10-04,34.44578007289341,移動停損,False
2504,2024-09-30,49.05405044555664,48.64214431762695,2125,2127,1.802081789289202,49.05405044555664,2024-09-30,48.64214431762695,移動停損,False
6670,2024-09-30,282.3587341308594,268.1424542236328,2125,2127,9.565808977399554,282.3587341308594,2024-10-04,268.1424542236328,移動停損,False
8464,2024-09-09,419.0238037109375,454.0962655203683,2111,2131,15.228844778878349,484.553955078125,2024-10-07,454.0962655203683,移動停損,False
3131,2024-09-16,1941.2979736328125,1682.2705601283483,2116,2136,136.90445382254464,1956.0794677734375,2024-10-16,1682.2705601283483,移動停損,False
2467,2024-10-14,233.34921264648438,220.90023803710938,2132,2136,12.034011840820312,244.96826171875,2024-10-16,220.90023803710938,移動停損,False
6640,2024-09-16,929.9090576171875,848.7265363420759,2116,2141,65.4473397391183,979.6212158203125,2024-10-21,848.7265363420759,移動停損,False
5434,2024-08-19,265.8616027832031,295.9862169538225,2096,2145,9.085199628557477,314.1566162109375,2024-10-29,295.9862169538225,移動停損,False
3526,2024-10-14,242.1430206298828,239.51102556501115,2132,2145,8.553965977260045,256.61895751953125,2024-11-01,239.51102556501115,移動停損,False
3653,2024-10-14,1485.353515625,1418.8663678850446,2132,2145,60.47508021763393,1539.8165283203125,2024-10-29,1418.8663678850446,移動停損,False
6223,2024-10-14,768.271728515625,787.2674909319196,2132,2145,37.287915910993306,861.8433227539062,2024-10-28,787.2674909319196,移動停損,False
6231,2024-10-14,485.1930236816406,542.6875959123884,2132,2145,27.461133684430802,597.60986328125,2024-10-28,542.6875959123884,移動停損,False
6442,2024-10-14,418.8542175292969,477.14910888671875,2132,2145,23.822418212890625,524.7939453125,2024-10-28,477.14910888671875,移動停損,False
2454,2024-10-28,1253.297119140625,1188.6802978515625,2142,2145,37.02008056640625,1262.720458984375,2024-11-01,1188.6802978515625,移動停損,False
2454,2024-11-11,1225.02734375,1162.429722377232,2151,2155,36.01041957310268,1234.4505615234375,2024-11-14,1162.429722377232,移動停損,False
6223,2024-11-11,832.2943725585938,777.2940112304688,2151,2155,29.971038818359375,837.2191772460938,2024-11-12,777.2940112304688,移動停損,False
6231,2024-11-11,524.6118774414062,500.02619567871096,2151,2155,24.193612234933035,531.425048828125,2024-11-11,500.02619567871096,移動停損,False
6683,2024-11-11,362.94683837890625,351.44703674316406,2151,2155,11.506720406668526,362.94683837890625,2024-11-12,351.44703674316406,移動停損,False
2308,2024-11-25,390.0611572265625,383.4487957763672,2161,2165,7.263645717075893,393.00872802734375,2024-11-26,383.4487957763672,移動停損,False
3526,2024-11-11,237.75636291503906,249.9763401576451,2151,2175,6.391972133091518,262.7602844238281,2024-12-09,249.9763401576451,移動停損,False
3131,2024-12-09,1729.4305419921875,1693.8564501953124,2171,2175,63.701041085379465,1754.0662841796875,2024-12-10,1693.8564501953124,移動停損,False
6442,2024-11-11,518.9083862304688,565.7825317382812,2151,2180,30.02325439453125,625.8290405273438,2024-12-16,565.7825317382812,移動停損,False
8114,2024-11-18,271.6819763183594,322.4571751185826,2156,2180,12.589466639927455,347.6361083984375,2024-12-16,322.4571751185826,移動停損,False
6442,2024-12-30,630.733642578125,582.3881138392857,2186,2189,31.039219447544642,644.466552734375,2025-01-03,582.3881138392857,移動停損,False
8114,2024-12-30,351.53118896484375,333.02955409458707,2186,2194,13.632790701729911,360.2951354980469,2025-01-10,333.02955409458707,移動停損,False
6223,2024-12-09,866.7681274414062,946.8315865652902,2171,2199,38.76535906110491,1024.3623046875,2025-01-13,946.8315865652902,移動停損,False
2330,2024-12-30,1068.991943359375,1097.8640311104912,2186,2199,19.889395577566965,1137.642822265625,2025-01-13,1097.8640311104912,移動停損,False
2308,2025-01-13,406.27276611328125,398.648408203125,2195,2199,11.088463919503349,408.2378234863281,2025-01-13,398.648408203125,移動停損,False
6442,2025-01-13,578.7447509765625,542.4211199951172,2195,2199,34.12211390904018,578.7447509765625,2025-01-13,542.4211199951172,移動停損,False
2618,2025-01-13,43.72042465209961,43.27045713152204,2195,2207,1.0711847032819475,45.41282653808594,2025-02-03,43.27045713152204,移動停損,False
3491,2025-01-20,389.35357666015625,404.01307460239957,2200,2207,21.638543265206472,447.2901611328125,2025-02-04,404.01307460239957,移動停損,False
8114,2025-01-20,329.13446044921875,314.8395172119141,2200,2207,14.571788242885045,334.0033264160156,2025-02-03,314.8395172119141,移動停損,False
6442,2025-02-03,556.1834716796875,552.4755859375,2203,2207,34.052049909319194,565.0117797851562,2025-02-04,552.4755859375,移動停損,False
6206,2025-02-10,108.93333435058594,110.16190338134766,2208,2212,3.6857147216796875,117.53333282470703,2025-02-10,110.16190338134766,移動停損,False
2059,2025-02-17,1676.4356689453125,1769.6888078962054,2213,2221,79.47706821986607,1928.6429443359375,2025-02-24,1769.6888078962054,移動停損,False
2383,2025-02-17,594.204345703125,572.5879473876953,2213,2221,22.279144287109375,611.9712524414062,2025-02-24,572.5879473876953,移動停損,False
6670,2025-02-17,321.6922912597656,315.6718096051897,2213,2226,8.161043439592634,331.993896484375,2025-03-04,315.6718096051897,移動停損,False
1736,2025-03-10,200.7009735107422,182.88562665666853,2227,2236,9.638378688267299,202.16238403320312,2025-03-19,182.88562665666853,移動停損,False
6515,2025-03-17,1245.6708984375,1240.0800463867188,2232,2236,87.57527378627232,1250.5750732421875,2025-03-17,1240.0800463867188,移動停損,False
6206,2025-03-17,135.6888885498047,121.35555812290737,2232,2241,9.316666739327568,139.9888916015625,2025-03-27,121.35555812290737,移動停損,False
3013,2025-03-24,140.31497192382812,138.4441116333008,2237,2241,5.224493844168527,141.31011962890625,2025-03-24,138.4441116333008,移動停損,False
3491,2025-03-24,477.240478515625,436.90930611746654,2237,2241,23.041373116629465,477.240478515625,2025-03-24,436.90930611746654,移動停損,False
2059,2025-03-10,1903.916748046875,1771.8081926618304,2227,2244,98.19832066127232,1968.204833984375,2025-03-31,1771.8081926618304,移動停損,False
1319,2025-03-24,133.66835021972656,124.01868220738002,2237,2244,5.266547066824777,134.14404296875,2025-03-31,124.01868220738002,移動停損,False
5314,2025-02-17,38.26548385620117,75.34074020385742,2213,2249,3.8878421783447266,83.11642456054688,2025-04-07,75.34074020385742,移動停損,False
5314,2025-05-05,67.85014343261719,59.61831992013114,2264,2268,5.113706861223493,69.84573364257812,2025-05-08,59.61831992013114,移動停損,False
6670,2025-05-05,330.12091064453125,313.2074676513672,2264,2268,14.181481497628349,331.5256652832031,2025-05-05,313.2074676513672,移動停損,False
3705,2025-04-21,63.66290283203125,60.01958901541574,2255,2273,3.2490784781319753,66.51774597167969,2025-05-12,60.01958901541574,移動停損,False
2404,2025-05-19,515.29931640625,544.4153616768973,2274,2297,18.609549386160715,581.6344604492188,2025-06-16,544.4153616768973,移動停損,False
3090,2025-05-19,71.60100555419922,70.93803133283343,2274,2297,2.036271503993443,75.01057434082031,2025-06-20,70.93803133283343,移動停損,False
2368,2025-06-09,265.9443359375,261.6143798828125,2288,2297,10.964614868164062,283.5436096191406,2025-06-17,261.6143798828125,移動停損,False
2059,2025-05-19,1997.876220703125,2031.079868861607,2274,2302,77.35764857700893,2185.795166015625,2025-06-23,2031.079868861607,移動停損,False
2059,2025-07-14,2077.0,2033.0863330078125,2313,2317,74.88506208147321,2091.835693359375,2025-07-14,2033.0863330078125,移動停損,False
2404,2025-06-30,590.286865234375,749.0898699079241,2303,2327,22.455065046037948,810.0,2025-08-04,820.0,趨勢<5/8,False
2308,2025-07-14,478.5,503.2857142857143,2313,2327,14.857142857142858,582.0,2025-08-04,579.0,趨勢<5/8,False
2368,2025-07-14,312.0,320.85714285714283,2313,2327,12.571428571428571,380.0,2025-08-04,373.0,趨勢<5/8,False
2383,2025-07-14,922.8921508789062,960.6820155552456,2313,2327,30.457576206752233,1090.690673828125,2025-08-04,1100.561279296875,趨勢<5/8,False
4931,2025-07-14,102.8637924194336,102.73137664794922,2313,2327,7.634311676025391,121.5,2025-08-04,118.0,趨勢<5/8,False
2059,2025-07-28,2536.9072265625,2426.6991141183034,2323,2327,92.19341169084821,2665.4833984375,2025-08-04,2571.52392578125,趨勢<5/8,False
1560,2026-08-17,725.0,691.0561242675781,2580,2584,40.07142857142857,749.0,2026-08-20,691.0561242675781,移動停損,False
5274,2026-08-17,17380.0,15759.45275390625,2580,2584,1073.2142857142858,17600.0,2026-08-19,15759.45275390625,移動停損,False
3037,2026-08-17,1045.0,1067.857142857143,2580,2589,66.07142857142857,1200.0,2026-08-24,1067.857142857143,移動停損,False
3653,2026-08-17,5340.0,4949.285714285715,2580,2589,335.35714285714283,5620.0,2026-08-25,4949.285714285715,移動停損,False
5434,2026-08-17,520.0,522.3571428571429,2580,2589,22.321428571428573,567.0,2026-08-24,522.3571428571429,移動停損,False
5274,2026-08-31,15630.0,15340.49369140625,2590,2592,980.3571428571429,16140.0,2026-08-31,15340.49369140625,移動停損,False
2059,2026-08-17,13750.0,13549.285714285714,2580,2592,767.8571428571429,15085.0,2026-09-02,13865.0,回測結束仍持有,True
6206,2026-08-17,142.5,131.53178436279296,2580,2592,10.642857142857142,149.5,2026-09-02,138.0,回測結束仍持有,True
3081,2026-08-24,2910.0,3072.8571428571427,2585,2592,218.57142857142858,3600.0,2026-09-02,3395.0,回測結束仍持有,True
4979,2026-08-24,581.0,566.2142857142857,2585,2592,43.892857142857146,654.0,2026-09-02,624.0,回測結束仍持有,True
2455,2026-08-31,428.0,426.2857142857143,2590,2592,25.357142857142858,552.0,2026-09-02,542.0,回測結束仍持有,True
3260,2026-08-31,408.5,401.6,2590,2592,17.035714285714285,417.5,2026-09-02,412.5,回測結束仍持有,True
3264,2026-08-31,230.0,216.06676513671874,2590,2592,10.964285714285714,239.5,2026-09-02,233.5,回測結束仍持有,True
