week,fund,rev,inst,trend8,trend5,fund_rev,fund_rev_inst,all,names,regime
2016-01-08,0,0,627,0,43,0,0,0,,bear
2016-01-15,0,0,593,8,67,0,0,0,,bear
2016-01-22,0,0,599,19,69,0,0,0,,bear
2016-01-29,0,0,669,28,91,0,0,0,,bear
2016-02-03,0,0,712,30,90,0,0,0,,bear
2016-02-19,0,472,787,34,116,0,0,0,,bear
2016-02-26,0,472,847,38,131,0,0,0,,bear
2016-03-04,0,472,904,38,143,0,0,0,,chop
2016-03-11,0,414,880,48,156,0,0,0,,chop
2016-03-18,0,414,823,57,165,0,0,0,,bull
2016-03-25,0,414,778,70,172,0,0,0,,bull
2016-04-01,0,414,705,79,175,0,0,0,,chop
2016-04-08,0,414,666,82,181,0,0,0,,chop
2016-04-15,0,532,637,84,193,0,0,0,,bull
2016-04-22,0,532,618,71,189,0,0,0,,bull
2016-04-29,0,532,581,48,180,0,0,0,,bear
2016-05-06,0,532,580,46,169,0,0,0,,bear
2016-05-13,0,388,550,40,149,0,0,0,,bear
2016-05-20,0,388,571,46,158,0,0,0,,bear
2016-05-27,0,388,677,79,190,0,0,0,,chop
2016-06-03,0,388,711,78,199,0,0,0,,chop
2016-06-08,0,388,719,86,206,0,0,0,,chop
2016-06-17,0,621,726,82,201,0,0,0,,chop
2016-06-24,0,621,688,59,193,0,0,0,,chop
2016-07-01,0,621,689,82,215,0,0,0,,chop
2016-07-08,0,621,654,75,213,0,0,0,,chop
2016-07-15,0,494,758,96,234,0,0,0,,bull
2016-07-22,0,494,762,96,253,0,0,0,,bull
2016-07-29,0,494,805,99,250,0,0,0,,bull
2016-08-05,0,494,827,101,259,0,0,0,,bull
2016-08-12,0,439,777,95,257,0,0,0,,bull
2016-08-19,0,439,789,96,257,0,0,0,,bull
2016-08-26,0,439,731,98,257,0,0,0,,bull
2016-09-02,0,439,664,99,250,0,0,0,,bull
2016-09-09,0,439,682,108,263,0,0,0,,bull
2016-09-14,0,663,585,82,243,0,0,0,,bull
2016-09-23,0,663,670,103,265,0,0,0,,bull
2016-09-30,0,663,667,97,262,0,0,0,,bull
2016-10-07,0,663,661,94,264,0,0,0,,bull
2016-10-14,0,399,596,61,240,0,0,0,,chop
2016-10-21,0,399,613,82,247,0,0,0,,bull
2016-10-28,0,399,561,76,242,0,0,0,,chop
2016-11-04,0,399,534,46,211,0,0,0,,chop
2016-11-11,0,463,533,39,199,0,0,0,,chop
2016-11-18,0,463,510,43,199,0,0,0,,chop
2016-11-25,0,463,544,59,206,0,0,0,,chop
2016-12-02,0,463,648,57,216,0,0,0,,chop
2016-12-09,0,463,693,78,230,0,0,0,,bull
2016-12-16,0,703,776,85,229,0,0,0,,chop
2016-12-23,0,703,752,72,221,0,0,0,,chop
2016-12-30,0,703,765,83,228,0,0,0,,chop
2017-01-06,0,703,781,90,245,0,0,0,,chop
2017-01-13,0,560,729,90,237,0,0,0,,chop
2017-01-20,0,560,786,83,247,0,0,0,,chop
2017-01-24,0,560,803,89,260,0,0,0,,chop
2017-02-03,0,560,820,105,264,0,0,0,,chop
2017-02-10,0,295,788,101,282,0,0,0,,bull
2017-02-17,0,295,878,108,294,0,0,0,,bull
2017-02-24,0,295,924,114,311,0,0,0,,chop
2017-03-03,0,295,865,113,301,0,0,0,,chop
2017-03-10,0,897,790,110,296,0,0,0,,chop
2017-03-17,0,897,824,113,311,0,0,0,,chop
2017-03-24,0,897,801,109,301,0,0,0,,bull
2017-03-31,0,897,829,95,289,0,0,0,,bull
2017-04-07,0,897,813,100,291,0,0,0,,bull
2017-04-14,0,380,743,67,258,0,0,0,,chop
2017-04-21,0,380,677,77,249,0,0,0,,chop
2017-04-28,0,380,678,81,250,0,0,0,,bull
2017-05-05,0,380,644,86,256,0,0,0,,bull
2017-05-12,0,409,697,88,244,0,0,0,,chop
2017-05-19,0,409,707,80,243,0,0,0,,chop
2017-05-26,0,409,720,83,256,0,0,0,,bull
2017-06-02,0,409,736,92,254,0,0,0,,bull
2017-06-09,0,409,712,96,258,0,0,0,,bull
2017-06-16,0,516,708,88,250,0,0,0,,chop
2017-06-23,0,516,748,96,261,0,0,0,,bull
2017-06-30,0,516,785,92,270,0,0,0,,bull
2017-07-07,0,516,762,85,273,0,0,0,,bull
2017-07-14,0,661,784,93,283,0,0,0,,bull
2017-07-21,0,661,792,105,296,0,0,0,,bull
2017-07-28,0,661,731,115,296,0,0,0,,bull
2017-08-04,0,661,769,117,306,0,0,0,,bull
2017-08-11,0,551,744,93,279,0,0,0,,bull
2017-08-18,0,551,770,102,272,0,0,0,,bull
2017-08-25,0,551,786,113,296,0,0,0,,bull
2017-09-01,0,551,800,116,312,0,0,0,,bull
2017-09-08,0,551,810,109,310,0,0,0,,bull
2017-09-15,0,620,800,105,326,0,0,0,,chop
2017-09-22,0,620,800,97,307,0,0,0,,chop
2017-09-29,0,620,754,74,280,0,0,0,,chop
2017-10-06,0,620,731,99,303,0,0,0,,chop
2017-10-13,0,716,726,105,303,0,0,0,,chop
2017-10-20,0,716,738,103,301,0,0,0,,chop
2017-10-27,0,716,782,93,292,0,0,0,,chop
2017-11-03,0,716,796,97,291,0,0,0,,chop
2017-11-10,0,514,742,92,288,0,0,0,,chop
2017-11-17,0,514,688,90,264,0,0,0,,chop
2017-11-24,0,514,742,98,275,0,0,0,,chop
2017-12-01,0,514,713,81,266,0,0,0,,chop
2017-12-08,0,514,724,71,241,0,0,0,,chop
2017-12-15,0,582,754,73,258,0,0,0,,chop
2017-12-22,0,582,772,83,262,0,0,0,,chop
2017-12-29,0,582,811,93,263,0,0,0,,chop
2018-01-05,0,582,880,112,288,0,0,0,,chop
2018-01-12,0,462,835,101,280,0,0,0,,chop
2018-01-19,0,462,888,108,287,0,0,0,,chop
2018-01-26,0,462,893,102,280,0,0,0,,chop
2018-02-02,0,462,771,94,272,0,0,0,,chop
2018-02-09,0,462,709,45,189,0,0,0,,chop
2018-02-12,0,966,670,48,192,0,0,0,,chop
2018-02-23,0,966,691,70,232,0,0,0,,chop
2018-03-02,0,966,633,75,228,0,0,0,,chop
2018-03-09,0,966,578,88,232,0,0,0,,chop
2018-03-16,0,312,735,97,242,0,0,0,,bull
2018-03-23,0,312,708,72,210,0,0,0,,chop
2018-03-30,0,312,723,84,215,0,0,0,,bull
2018-04-03,0,312,756,77,224,0,0,0,,chop
2018-04-13,0,656,716,87,228,0,0,0,,chop
2018-04-20,0,656,673,88,216,0,0,0,,chop
2018-04-27,0,656,682,69,186,0,0,0,,bear
2018-05-04,0,656,659,66,185,0,0,0,,bear
2018-05-11,0,748,619,72,200,0,0,0,,chop
2018-05-18,0,748,631,72,192,0,0,0,,chop
2018-05-25,0,748,658,89,203,0,0,0,,chop
2018-06-01,0,748,683,96,219,0,0,0,,chop
2018-06-08,0,748,738,102,224,0,0,0,,chop
2018-06-15,0,769,676,99,222,0,0,0,,chop
2018-06-22,0,769,668,83,203,0,0,0,,chop
2018-06-29,0,769,670,79,211,0,0,0,,chop
2018-07-06,0,769,604,63,170,0,0,0,,chop
2018-07-13,0,450,629,82,205,0,0,0,,chop
2018-07-20,0,450,654,53,207,0,0,0,,bull
2018-07-27,0,450,711,78,218,0,0,0,,bull
2018-08-03,0,450,691,60,211,0,0,0,,bull
2018-08-10,0,724,676,52,198,0,0,0,,bull
2018-08-17,0,724,680,43,186,0,0,0,,chop
2018-08-24,0,724,690,45,177,0,0,0,,bull
2018-08-31,0,724,761,53,195,0,0,0,,bull
2018-09-07,0,724,690,34,169,0,0,0,,bull
2018-09-14,0,505,837,39,153,0,0,0,,bull
2018-09-21,0,505,822,34,156,0,0,0,,bull
2018-09-28,0,505,792,44,148,0,0,0,,bull
2018-10-05,0,505,714,16,128,0,0,0,,chop
2018-10-12,0,455,636,8,101,0,0,0,,chop
2018-10-19,0,455,525,6,92,0,0,0,,bear
2018-10-26,0,455,484,3,66,0,0,0,,bear
2018-11-02,0,455,515,7,77,0,0,0,,bear
2018-11-09,0,455,546,9,69,0,0,0,,bear
2018-11-16,0,750,617,10,76,0,0,0,,bear
2018-11-23,0,750,708,10,75,0,0,0,,bear
2018-11-30,0,750,729,15,96,0,0,0,,bear
2018-12-07,0,750,683,13,94,0,0,0,,bear
2018-12-14,0,412,675,14,103,0,0,0,,bear
2018-12-21,0,412,608,13,83,0,0,0,,bear
2018-12-28,0,412,527,18,91,0,0,0,,bear
2019-01-04,0,412,525,18,90,0,0,0,,bear
2019-01-11,0,492,540,29,105,0,0,0,,bear
2019-01-18,0,492,602,31,111,0,0,0,,bear
2019-01-25,0,492,666,37,120,0,0,0,,bear
2019-01-30,0,492,676,41,124,0,0,0,,bear
2019-02-15,30,606,697,45,140,13,10,6,"2379.TW,3533.TW,5269.TW,6176.TW,8210.TW,9910.TW",bear
2019-02-22,30,606,757,46,161,13,10,5,"2379.TW,3533.TW,6176.TW,8210.TW,9910.TW",chop
2019-02-27,30,606,745,42,165,13,11,4,"2379.TW,6176.TW,8210.TW,9910.TW",chop
2019-03-08,30,606,680,42,173,13,10,4,"2379.TW,6176.TW,6409.TW,8210.TW",bear
2019-03-15,30,428,661,52,183,9,5,4,"2458.TW,6176.TW,8210.TW,9910.TW",chop
2019-03-22,30,428,654,57,194,9,6,4,"2458.TW,6176.TW,8210.TW,9910.TW",bull
2019-03-29,30,428,646,57,189,9,6,4,"2458.TW,6176.TW,8210.TW,9910.TW",bull
2019-04-03,30,428,671,55,194,9,7,3,"2458.TW,6176.TW,8210.TW",bull
2019-04-12,30,534,660,62,187,10,7,4,"2379.TW,3044.TW,6121.TWO,6176.TW",bull
2019-04-19,30,534,686,57,186,10,7,3,"2379.TW,3044.TW,6121.TWO",bull
2019-04-26,30,534,662,52,188,10,7,2,"2379.TW,6121.TWO",bull
2019-05-03,30,534,659,51,192,10,7,2,"2379.TW,6121.TWO",bull
2019-05-10,30,596,574,38,164,13,5,3,"2379.TW,6121.TWO,9910.TW",bull
2019-05-17,36,596,548,27,154,16,6,3,"2379.TW,3491.TWO,9910.TW",chop
2019-05-24,36,596,608,24,150,16,6,2,"2379.TW,9910.TW",chop
2019-05-31,36,596,682,35,162,16,6,2,"5269.TW,9910.TW",chop
2019-06-06,36,596,754,41,153,16,9,2,"2379.TW,9910.TW",chop
2019-06-14,36,394,778,46,178,7,3,2,"2379.TW,2385.TW",chop
2019-06-21,36,394,887,70,200,7,3,2,"2379.TW,2385.TW",chop
2019-06-28,36,394,941,81,214,7,4,2,"2379.TW,2385.TW",chop
2019-07-05,36,394,1003,87,252,7,5,2,"2379.TW,2385.TW",chop
2019-07-12,36,440,982,101,262,6,6,5,"3044.TW,5483.TWO,6176.TW,6213.TW,8454.TW",chop
2019-07-19,36,440,891,101,282,6,5,5,"3044.TW,5483.TWO,6176.TW,6213.TW,8454.TW",chop
2019-07-26,36,440,824,100,300,6,5,5,"3044.TW,5483.TWO,6176.TW,6213.TW,8454.TW",chop
2019-08-02,36,440,616,91,267,6,5,3,"6176.TW,6213.TW,8454.TW",chop
2019-08-08,36,440,577,103,258,6,3,1,6213.TW,chop
2019-08-16,23,569,546,96,273,10,7,6,"2345.TW,3293.TWO,3324.TWO,5434.TW,8016.TW,8081.TW",chop
2019-08-23,23,569,550,101,292,10,7,6,"2345.TW,3293.TWO,3324.TWO,5434.TW,8016.TW,8081.TW",bull
2019-08-30,23,569,599,105,297,10,7,6,"2345.TW,3293.TWO,5434.TW,8016.TW,8081.TW,8210.TW",bull
2019-09-06,23,569,729,115,322,10,7,6,"2345.TW,3293.TWO,5434.TW,8016.TW,8081.TW,8210.TW",bull
2019-09-12,23,418,764,121,317,6,4,4,"2385.TW,3044.TW,5434.TW,8016.TW",bull
2019-09-20,23,418,845,119,317,6,3,3,"2385.TW,3044.TW,5434.TW",bull
2019-09-27,23,418,747,102,297,6,3,3,"2385.TW,3044.TW,5434.TW",chop
2019-10-04,23,418,658,108,295,6,5,3,"2385.TW,5434.TW,8016.TW",bull
2019-10-09,23,418,649,94,283,6,6,4,"2385.TW,3324.TWO,5434.TW,8016.TW",chop
2019-10-18,23,547,714,103,299,8,7,6,"2345.TW,2379.TW,2385.TW,3293.TWO,4958.TW,8016.TW",bull
2019-10-25,23,547,703,104,310,8,5,4,"2345.TW,2385.TW,4958.TW,8016.TW",bull
2019-11-01,23,547,739,104,303,8,5,4,"2345.TW,2385.TW,4958.TW,8016.TW",bull
2019-11-08,23,547,794,95,295,8,3,2,"2385.TW,4958.TW",bull
2019-11-15,26,477,685,94,281,7,4,2,"3217.TWO,6412.TW",bull
2019-11-22,26,477,656,85,274,7,4,2,"3217.TWO,6412.TW",bull
2019-11-29,26,477,610,72,277,7,5,3,"3217.TWO,5289.TWO,6412.TW",bull
2019-12-06,26,477,642,86,274,7,6,3,"3217.TWO,5289.TWO,6412.TW",bull
2019-12-13,26,532,671,87,269,7,3,3,"2207.TW,3533.TW,8210.TW",bull
2019-12-20,26,532,819,85,291,7,4,2,"2207.TW,3533.TW",bull
2019-12-27,26,532,834,100,297,7,4,2,"2207.TW,3533.TW",bull
2020-01-03,26,532,888,96,297,7,4,2,"2207.TW,3533.TW",bull
2020-01-10,26,712,864,81,285,14,6,3,"3406.TW,3533.TW,6121.TWO",bull
2020-01-17,26,712,873,105,298,14,9,7,"2458.TW,3217.TWO,3406.TW,3533.TW,4551.TW,6121.TWO,8210.TW",bull
2020-01-20,26,712,894,107,297,14,9,7,"2458.TW,3217.TWO,3406.TW,3533.TW,4551.TW,6121.TWO,8210.TW",bull
2020-01-31,26,712,842,66,229,14,9,4,"3406.TW,3533.TW,6121.TWO,8210.TW",chop
2020-02-07,26,712,794,70,225,14,6,3,"3533.TW,6121.TWO,8210.TW",chop
2020-02-14,23,227,787,79,230,2,1,1,3293.TWO,chop
2020-02-21,23,227,706,68,233,2,1,1,3293.TWO,chop
2020-02-27,23,227,574,39,197,2,1,1,3293.TWO,chop
2020-03-06,23,227,607,53,198,2,1,1,3293.TWO,chop
2020-03-13,23,762,529,10,124,14,4,0,,bear
2020-03-20,23,762,540,5,72,14,3,0,,bear
2020-03-27,23,762,564,7,86,14,2,0,,bear
2020-04-01,23,762,568,12,91,14,5,0,,bear
2020-04-10,23,383,624,26,112,9,2,1,3217.TWO,bear
2020-04-17,23,383,694,45,145,9,3,1,3217.TWO,bear
2020-04-24,23,383,674,39,136,9,5,2,"3217.TWO,5289.TWO",bear
2020-04-30,23,383,884,50,185,9,7,2,"3217.TWO,5289.TWO",chop
2020-05-08,23,383,782,47,198,9,7,1,5289.TWO,bear
2020-05-15,27,481,655,40,189,6,4,2,"3217.TWO,6415.TW",bear
2020-05-22,27,481,669,48,190,6,3,2,"3533.TW,6415.TW",bear
2020-05-29,27,481,575,59,202,6,3,2,"3533.TW,6415.TW",bear
2020-06-05,27,481,716,80,230,6,3,3,"2421.TW,3533.TW,6415.TW",chop
2020-06-12,27,347,782,86,208,1,0,0,,bull
2020-06-19,27,347,812,89,224,1,0,0,,bull
2020-06-24,27,347,818,85,230,1,0,0,,bull
2020-07-03,27,347,838,90,253,1,0,0,,bull
2020-07-10,27,600,771,94,255,13,8,3,"2345.TW,6415.TW,8081.TW",bull
2020-07-17,27,600,753,83,256,13,6,6,"2207.TW,2330.TW,2345.TW,3533.TW,6415.TW,8081.TW",bull
2020-07-24,27,600,731,90,252,13,8,4,"2330.TW,2345.TW,2383.TW,3533.TW",bull
2020-07-31,27,600,699,86,254,13,6,3,"2330.TW,2345.TW,3533.TW",bull
2020-08-07,27,600,590,81,255,13,7,3,"2383.TW,3533.TW,6415.TW",bull
2020-08-14,48,546,637,77,254,12,6,5,"1590.TW,2458.TW,3231.TW,3529.TWO,4966.TWO",bull
2020-08-21,48,546,594,58,229,12,8,4,"1590.TW,2458.TW,3529.TWO,4966.TWO",bull
2020-08-28,48,546,675,65,241,12,8,3,"1590.TW,2458.TW,3217.TWO",bull
2020-09-04,48,546,772,66,236,12,7,3,"1590.TW,2458.TW,3017.TW",bull
2020-09-11,48,541,722,54,236,13,3,1,3017.TW,bull
2020-09-18,48,541,924,62,262,13,4,2,"2472.TW,3017.TW",bull
2020-09-25,48,541,736,26,214,13,5,2,"3017.TW,3533.TW",bull
2020-09-30,48,541,753,38,221,13,7,3,"2472.TW,3017.TW,3533.TW",bull
2020-10-08,48,541,793,63,232,13,8,4,"2472.TW,3017.TW,3533.TW,3653.TW",bull
2020-10-16,48,773,798,68,238,27,11,4,"1590.TW,3529.TWO,3533.TW,4966.TWO",bull
2020-10-23,48,773,759,83,259,27,12,6,"1590.TW,2330.TW,2428.TW,3529.TWO,3533.TW,9914.TW",chop
2020-10-30,48,773,827,68,266,27,13,5,"1590.TW,2428.TW,3529.TWO,6282.TW,9914.TW",chop
2020-11-06,48,773,837,84,298,27,14,6,"1590.TW,2330.TW,2428.TW,3529.TWO,6282.TW,9914.TW",chop
2020-11-13,48,462,894,95,335,14,5,4,"3017.TW,3324.TWO,6104.TWO,6282.TW",chop
2020-11-20,36,462,924,106,361,11,5,2,"2603.TW,3374.TWO",bull
2020-11-27,36,462,1012,122,381,11,8,5,"2603.TW,3048.TW,3374.TWO,3708.TW,5269.TW",bull
2020-12-04,36,462,945,120,388,11,5,2,"2603.TW,5269.TW",bull
2020-12-11,36,714,873,117,379,21,7,5,"1590.TW,2472.TW,3010.TW,3034.TW,3048.TW",bull
2020-12-18,36,714,865,114,387,21,8,4,"1590.TW,2377.TW,3010.TW,3034.TW",bull
2020-12-25,36,714,830,121,381,21,7,3,"1590.TW,3010.TW,3034.TW",bull
2020-12-31,36,714,928,124,397,21,9,4,"1590.TW,2330.TW,3010.TW,3034.TW",bull
2021-01-08,36,714,934,121,408,21,9,4,"1590.TW,2330.TW,3010.TW,3034.TW",bull
2021-01-15,36,727,903,119,396,14,5,1,3374.TWO,bull
2021-01-22,36,727,802,107,368,14,8,1,3374.TWO,bull
2021-01-29,36,727,583,80,349,14,8,1,3680.TWO,bull
2021-02-05,36,727,569,82,345,14,9,1,6415.TW,bull
2021-02-19,35,1082,674,125,384,29,13,5,"2467.TW,3078.TWO,4966.TWO,4968.TW,6415.TW",bull
2021-02-26,35,1082,789,125,390,29,10,4,"3078.TWO,5439.TWO,6415.TW,8016.TW",bull
2021-03-05,35,1082,762,108,378,29,11,3,"3078.TWO,5439.TWO,8016.TW",bull
2021-03-12,35,570,903,124,377,17,6,3,"2467.TW,3167.TW,5439.TWO",bull
2021-03-19,35,570,807,122,380,17,5,3,"2467.TW,5439.TWO,9914.TW",bull
2021-03-26,35,570,732,126,375,17,7,5,"2467.TW,2615.TW,3167.TW,5439.TWO,9914.TW",bull
2021-04-01,35,570,807,130,383,17,10,6,"1590.TW,2467.TW,2615.TW,3167.TW,5439.TWO,9914.TW",bull
2021-04-09,35,570,854,132,390,17,8,5,"1590.TW,2467.TW,2615.TW,3167.TW,9914.TW",bull
2021-04-16,35,810,871,132,382,22,11,2,"2376.TW,5483.TWO",bull
2021-04-23,35,810,941,124,380,22,10,1,5483.TWO,bull
2021-04-29,35,810,999,126,385,22,13,4,"2376.TW,5483.TWO,6138.TWO,6415.TW",chop
2021-05-07,35,810,956,117,364,22,12,4,"2376.TW,2377.TW,6138.TWO,6415.TW",chop
2021-05-14,35,801,851,39,257,16,7,2,"2615.TW,6415.TW",chop
2021-05-21,67,801,960,54,271,25,15,5,"1476.TW,2615.TW,3402.TWO,6491.TW,9941.TW",chop
2021-05-28,67,801,908,88,303,25,17,10,"1476.TW,2376.TW,2441.TW,2467.TW,2615.TW,3402.TWO,4966.TWO,6491.TW,8454.TW,9941.TW",chop
2021-06-04,67,801,895,101,305,25,18,8,"1476.TW,2441.TW,2467.TW,2615.TW,3402.TWO,6491.TW,8454.TW,9941.TW",chop
2021-06-11,67,766,951,98,312,37,19,4,"2615.TW,8081.TW,8454.TW,9941.TW",chop
2021-06-18,67,766,837,106,324,37,21,7,"2377.TW,2379.TW,2481.TW,3443.TW,8081.TW,8454.TW,9941.TW",chop
2021-06-25,67,766,796,108,339,37,21,5,"2368.TW,2481.TW,8016.TW,8081.TW,8454.TW",chop
2021-07-02,67,766,696,112,339,37,22,5,"1609.TW,2481.TW,8016.TW,8081.TW,9939.TW",chop
2021-07-09,67,766,716,117,345,37,21,8,"1609.TW,2368.TW,2481.TW,5439.TWO,8016.TW,8081.TW,9939.TW,9941.TW",chop
2021-07-16,67,612,742,116,369,32,15,7,"1609.TW,2368.TW,2441.TW,2481.TW,5439.TWO,6491.TW,8261.TW",chop
2021-07-23,67,612,791,117,343,32,14,6,"2368.TW,2428.TW,2441.TW,3526.TWO,6491.TW,8261.TW",chop
2021-07-30,67,612,757,107,340,32,18,7,"2379.TW,2441.TW,2481.TW,3402.TWO,3526.TWO,8261.TW,9939.TW",chop
2021-08-06,67,612,760,107,344,32,18,7,"2441.TW,2481.TW,3034.TW,3526.TWO,6438.TW,8454.TW,9939.TW",bull
2021-08-13,67,571,703,71,271,19,12,4,"2441.TW,3264.TWO,4966.TWO,9941.TW",chop
2021-08-20,64,571,633,48,234,21,9,2,"1773.TW,4966.TWO",chop
2021-08-27,64,571,741,76,268,21,11,7,"1773.TW,2441.TW,3264.TWO,3529.TWO,3587.TWO,4966.TWO,5347.TWO",chop
2021-09-03,64,571,785,87,282,21,11,7,"1773.TW,2436.TW,2441.TW,3264.TWO,3529.TWO,3587.TWO,4966.TWO",chop
2021-09-10,64,659,789,79,254,26,11,7,"2303.TW,3017.TW,3033.TW,3264.TWO,3529.TWO,3675.TWO,5871.TW",chop
2021-09-17,64,659,814,83,258,26,11,6,"2303.TW,3017.TW,3033.TW,3264.TWO,3529.TWO,3675.TWO",chop
2021-09-24,64,659,699,82,262,26,13,6,"2303.TW,3017.TW,3033.TW,3264.TWO,3529.TWO,3675.TWO",chop
2021-10-01,64,659,576,51,219,26,9,4,"3017.TW,3033.TW,3529.TWO,3675.TWO",chop
2021-10-08,64,659,721,59,225,26,15,5,"3017.TW,3033.TW,3529.TWO,3675.TWO,6138.TWO",chop
2021-10-15,64,510,649,58,215,17,5,2,"3675.TWO,6491.TW",chop
2021-10-22,64,510,782,77,224,17,7,3,"3048.TW,3587.TWO,3675.TWO",chop
2021-10-29,64,510,803,89,237,17,9,3,"3675.TWO,6435.TWO,6491.TW",chop
2021-11-05,64,510,849,96,246,17,8,2,"3675.TWO,6435.TWO",chop
2021-11-12,64,752,931,94,256,29,17,6,"2436.TW,3017.TW,3443.TW,3455.TWO,3709.TWO,8046.TW",chop
2021-11-19,62,752,898,104,275,28,15,6,"2368.TW,3037.TW,3443.TW,3455.TWO,5274.TWO,8046.TW",bull
2021-11-26,62,752,781,101,247,28,13,7,"3037.TW,3402.TWO,3443.TW,3455.TWO,5274.TWO,6438.TW,8046.TW",chop
2021-12-03,62,752,811,107,251,28,15,8,"2368.TW,3017.TW,3037.TW,3443.TW,3455.TWO,5274.TWO,6438.TW,8046.TW",chop
2021-12-10,62,691,814,105,257,20,8,4,"3017.TW,3037.TW,3455.TWO,5347.TWO",chop
2021-12-17,62,691,723,103,260,20,7,3,"2454.TW,3006.TW,3455.TWO",chop
2021-12-24,62,691,852,105,270,20,11,6,"2454.TW,3033.TW,3037.TW,3455.TWO,5347.TWO,8261.TW",chop
2021-12-30,62,691,932,111,286,20,13,7,"2454.TW,3033.TW,3037.TW,3455.TWO,6138.TWO,6435.TWO,8261.TW",bull
2022-01-07,62,691,817,76,250,20,7,2,"2454.TW,3033.TW",bull
2022-01-14,62,569,804,65,232,20,10,1,3033.TW,bull
2022-01-21,62,569,694,53,223,20,8,1,6438.TW,bull
2022-01-26,62,569,601,40,197,20,6,0,,bull
2022-02-11,62,597,713,77,244,24,3,1,3017.TW,bull
2022-02-18,67,597,837,80,255,27,14,3,"2313.TW,3017.TW,3037.TW",chop
2022-02-25,67,597,771,57,215,27,12,3,"2313.TW,3035.TW,3037.TW",chop
2022-03-04,67,597,928,72,232,27,14,3,"3035.TW,3037.TW,8046.TW",chop
2022-03-11,67,779,735,56,212,35,15,7,"3006.TW,3033.TW,3035.TW,3037.TW,3675.TWO,3702.TW,6231.TWO",chop
2022-03-18,67,779,806,68,213,35,17,8,"2313.TW,3033.TW,3035.TW,3624.TWO,3675.TWO,3702.TW,6231.TWO,8261.TW",chop
2022-03-25,67,779,915,85,214,35,17,8,"2313.TW,2368.TW,3033.TW,3035.TW,3624.TWO,3675.TWO,4919.TW,6231.TWO",chop
2022-04-01,67,779,890,88,221,35,15,7,"2313.TW,2368.TW,3035.TW,3624.TWO,3675.TWO,4919.TW,6231.TWO",chop
2022-04-08,67,779,932,80,203,35,15,7,"2313.TW,2368.TW,3035.TW,3624.TWO,3675.TWO,4919.TW,6231.TWO",bear
2022-04-15,67,617,908,63,191,17,7,2,"2313.TW,2543.TW",bear
2022-04-22,67,617,719,53,189,17,7,2,"2313.TW,3653.TW",bear
2022-04-29,67,617,657,48,157,17,7,1,2313.TW,bear
2022-05-06,67,617,719,36,160,17,7,0,,bear
2022-05-13,67,468,693,30,131,17,7,1,2637.TW,bear
2022-05-20,74,468,801,36,140,18,10,4,"1560.TW,3017.TW,4919.TW,6664.TWO",bear
2022-05-27,74,468,929,38,140,18,11,4,"1560.TW,1605.TW,3017.TW,6664.TWO",bear
2022-06-02,74,468,963,44,154,18,11,5,"1560.TW,1605.TW,3017.TW,4919.TW,6664.TWO",bear
2022-06-10,74,692,1015,44,154,33,19,7,"2313.TW,2368.TW,3624.TWO,3675.TWO,4919.TW,5425.TWO,8261.TW",bear
2022-06-17,74,692,807,29,129,33,14,4,"3675.TWO,4919.TW,5425.TWO,8261.TW",bear
2022-06-24,74,692,848,29,126,33,12,1,2368.TW,bear
2022-07-01,74,692,715,13,94,33,8,0,,bear
2022-07-08,74,692,792,21,94,33,10,0,,bear
2022-07-15,74,725,829,22,96,31,9,2,"2313.TW,8114.TW",bear
2022-07-22,74,725,780,34,112,31,13,5,"2313.TW,2368.TW,3017.TW,4958.TW,8114.TW",bear
2022-07-29,74,725,863,39,125,31,19,5,"1560.TW,2313.TW,3017.TW,4958.TW,5425.TWO",bear
2022-08-05,74,725,749,38,134,31,18,4,"1560.TW,2313.TW,4958.TW,8114.TW",bear
2022-08-12,74,469,895,37,157,8,3,1,8114.TW,bear
2022-08-19,71,469,931,43,166,11,9,5,"1513.TW,4763.TW,4908.TWO,8114.TW,9933.TW",bear
2022-08-26,71,469,948,49,171,11,8,5,"1513.TW,4763.TW,4908.TWO,8114.TW,9933.TW",bear
2022-09-02,71,469,931,42,154,11,6,4,"1513.TW,4763.TW,4908.TWO,9933.TW",bear
2022-09-08,71,469,791,40,153,11,5,3,"1513.TW,4763.TW,4908.TWO",bear
2022-09-16,71,610,748,42,152,31,16,5,"4763.TW,4908.TWO,4958.TW,8069.TWO,8114.TW",bear
2022-09-23,71,610,588,44,138,31,12,5,"1605.TW,2368.TW,4763.TW,4908.TWO,4958.TW",bear
2022-09-30,71,610,603,27,112,31,14,2,"2368.TW,4763.TW",bear
2022-10-07,71,610,613,28,111,31,15,3,"2368.TW,3443.TW,4763.TW",bear
2022-10-14,71,512,551,14,89,24,11,0,,bear
2022-10-21,71,512,570,11,69,24,12,0,,bear
2022-10-28,71,512,670,11,63,24,11,2,"3533.TW,9933.TW",bear
2022-11-04,71,512,769,16,84,24,13,2,"3533.TW,4958.TW",bear
2022-11-11,71,437,889,23,105,13,10,1,1605.TW,bear
2022-11-18,73,437,1068,30,100,20,16,3,"3533.TW,6143.TWO,8234.TWO",bear
2022-11-25,73,437,1083,35,115,20,17,3,"3533.TW,5009.TWO,6143.TWO",bear
2022-12-02,73,437,1114,51,136,20,17,3,"3533.TW,5009.TWO,6143.TWO",bear
2022-12-09,73,437,1004,44,138,20,16,3,"3533.TW,5009.TWO,6143.TWO",bear
2022-12-16,73,384,871,50,142,16,10,4,"1477.TW,1795.TW,3443.TW,6664.TWO",bear
2022-12-23,73,384,749,44,124,16,8,3,"1477.TW,1795.TW,6664.TWO",bear
2022-12-30,73,384,579,37,124,16,6,2,"1477.TW,6664.TWO",bear
2023-01-06,73,384,636,42,134,16,4,2,"3680.TWO,6664.TWO",bear
2023-01-13,73,375,720,33,136,16,7,2,"3680.TWO,5009.TWO",bull
2023-01-17,73,375,848,39,141,16,7,3,"2493.TW,3680.TWO,5009.TWO",bull
2023-02-03,73,375,1146,59,177,16,10,2,"3680.TWO,6409.TW",bull
2023-02-10,73,265,1151,60,185,9,5,1,3617.TW,bull
2023-02-17,35,265,1100,71,206,3,2,2,"1513.TW,6291.TWO",bull
2023-02-24,35,265,1064,83,222,3,3,3,"1513.TW,4763.TW,6291.TWO",bull
2023-03-03,35,265,995,88,241,3,1,0,,chop
2023-03-10,35,794,863,85,253,19,8,4,"1513.TW,4763.TW,5009.TWO,6670.TW",chop
2023-03-17,35,794,885,87,251,19,10,5,"1513.TW,2421.TW,4763.TW,5009.TWO,6670.TW",bull
2023-03-24,35,794,928,92,277,19,11,5,"1513.TW,2421.TW,3017.TW,5009.TWO,6669.TW",bull
2023-03-31,35,794,900,99,283,19,14,8,"1513.TW,2421.TW,3017.TW,3023.TW,3653.TW,4763.TW,5009.TWO,6669.TW",bull
2023-04-07,35,794,852,100,286,19,10,5,"2421.TW,3017.TW,3023.TW,5009.TWO,6669.TW",bull
2023-04-14,35,342,1038,97,307,5,3,2,"1519.TW,3017.TW",bull
2023-04-21,35,342,906,82,286,5,1,1,1519.TW,chop
2023-04-28,35,342,923,88,289,5,2,2,"1519.TW,3017.TW",chop
2023-05-05,35,342,871,87,290,5,2,2,"1519.TW,3017.TW",chop
2023-05-12,35,465,751,73,268,12,6,3,"2421.TW,2493.TW,6291.TWO",chop
2023-05-19,26,465,804,100,298,12,6,6,"1795.TW,2421.TW,2727.TW,3005.TW,6139.TW,6291.TWO",chop
2023-05-26,26,465,878,110,306,12,7,7,"1795.TW,2421.TW,2727.TW,3005.TW,6139.TW,6291.TWO,8996.TW",bull
2023-06-02,26,465,928,118,330,12,10,7,"1795.TW,2421.TW,2727.TW,3005.TW,6139.TW,6291.TWO,8996.TW",bull
2023-06-09,26,465,1027,125,345,12,9,6,"1795.TW,2727.TW,3005.TW,6139.TW,6291.TWO,8996.TW",bull
2023-06-16,26,484,976,129,363,9,6,6,"2727.TW,3017.TW,3680.TWO,6291.TWO,8936.TWO,8996.TW",bull
2023-06-21,26,484,898,132,373,9,7,6,"1513.TW,2727.TW,3680.TWO,6291.TWO,8936.TWO,8996.TW",bull
2023-06-30,26,484,892,130,375,9,6,5,"1513.TW,3017.TW,3680.TWO,6291.TWO,8936.TWO",bull
2023-07-07,26,484,802,125,365,9,4,3,"3680.TWO,6472.TW,8936.TWO",bull
2023-07-14,26,360,797,127,376,5,3,2,"6139.TW,6472.TW",bull
2023-07-21,26,360,681,123,372,5,3,2,"6139.TW,6472.TW",bull
2023-07-28,26,360,682,123,378,5,4,2,"6139.TW,6472.TW",bull
2023-08-04,26,360,600,107,360,5,2,2,"6139.TW,6472.TW",bull
2023-08-11,26,462,592,91,328,7,2,0,,bull
2023-08-18,31,462,625,97,311,12,7,5,"1519.TW,3014.TW,3078.TWO,3596.TW,3617.TW",chop
2023-08-25,31,462,738,97,303,12,6,5,"1519.TW,3014.TW,3078.TWO,3596.TW,3693.TWO",chop
2023-09-01,31,462,879,102,330,12,6,5,"1519.TW,3014.TW,3078.TWO,3596.TW,4763.TW",chop
2023-09-08,31,462,937,104,331,12,6,6,"1519.TW,3014.TW,3078.TWO,3596.TW,4763.TW,5284.TW",chop
2023-09-15,31,505,910,103,344,8,4,4,"3005.TW,3014.TW,3596.TW,4763.TW",chop
2023-09-22,31,505,825,89,311,8,6,6,"3005.TW,3014.TW,3596.TW,3617.TW,4763.TW,6197.TW",chop
2023-09-28,31,505,795,98,315,8,7,7,"3005.TW,3014.TW,3596.TW,3617.TW,4763.TW,6197.TW,6291.TWO",chop
2023-10-06,31,505,776,99,316,8,5,5,"3005.TW,3014.TW,3596.TW,3617.TW,6291.TWO",chop
2023-10-13,31,494,809,94,322,8,6,4,"3014.TW,3526.TWO,6139.TW,6197.TW",chop
2023-10-20,31,494,666,80,276,8,4,3,"3014.TW,3526.TWO,6139.TW",chop
2023-10-27,31,494,774,70,267,8,3,2,"3526.TWO,6197.TW",chop
2023-11-03,31,494,784,86,267,8,5,3,"3014.TW,3526.TWO,6197.TW",chop
2023-11-10,31,517,793,95,271,14,3,1,4766.TW,chop
2023-11-17,20,517,1074,115,291,8,4,3,"3005.TW,4766.TW,5439.TWO",bull
2023-11-24,20,517,1127,117,306,8,4,4,"1519.TW,3005.TW,4766.TW,5439.TWO",chop
2023-12-01,20,517,1224,122,313,8,6,5,"1519.TW,3005.TW,3693.TWO,4766.TW,5439.TWO",chop
2023-12-08,20,517,1200,119,310,8,6,4,"1519.TW,3005.TW,4766.TW,5439.TWO",chop
2023-12-15,20,537,1099,113,317,4,2,2,"2493.TW,6139.TW",bull
2023-12-22,20,537,1022,103,299,4,1,1,2493.TW,bull
2023-12-29,20,537,1001,117,312,4,2,2,"2493.TW,6139.TW",bull
2024-01-05,20,537,982,95,295,4,1,1,2493.TW,chop
2024-01-12,20,568,870,91,271,7,3,3,"3005.TW,4766.TW,6643.TWO",bull
2024-01-19,20,568,650,89,259,7,3,3,"3005.TW,4766.TW,6643.TWO",bull
2024-01-26,20,568,706,91,276,7,2,2,"4766.TW,6643.TWO",bull
2024-02-02,20,568,718,98,283,7,3,3,"1519.TW,4766.TW,6643.TWO",bull
2024-02-05,20,568,669,95,276,7,4,3,"1519.TW,4766.TW,6643.TWO",bull
2024-02-16,28,1100,867,118,301,23,14,10,"1519.TW,2329.TW,2543.TW,3017.TW,3217.TWO,4766.TW,6139.TW,6191.TW,6197.TW,6239.TW",bull
2024-02-23,28,1100,1007,120,294,23,13,7,"1519.TW,2329.TW,2543.TW,3017.TW,4766.TW,6197.TW,6239.TW",bull
2024-03-01,28,1100,988,129,310,23,13,8,"1519.TW,2006.TW,2543.TW,3017.TW,6139.TW,6197.TW,6239.TW,6667.TWO",bull
2024-03-08,28,1100,935,118,286,23,13,7,"1519.TW,2006.TW,2543.TW,3017.TW,3526.TWO,6197.TW,6239.TW",bull
2024-03-15,28,295,893,118,285,3,2,0,,bull
2024-03-22,28,295,825,125,296,3,2,1,6491.TW,bull
2024-03-29,28,295,818,118,298,3,2,1,6491.TW,bull
2024-04-03,28,295,829,121,311,3,2,1,6491.TW,bull
2024-04-12,28,559,847,118,313,14,9,8,"1514.TW,3526.TWO,4766.TW,6139.TW,6197.TW,6239.TW,6667.TWO,9939.TW",bull
2024-04-19,28,559,837,92,272,14,12,9,"1514.TW,2006.TW,2543.TW,4766.TW,6139.TW,6197.TW,6239.TW,6667.TWO,9939.TW",bull
2024-04-26,28,559,848,98,289,14,9,5,"1514.TW,4766.TW,6667.TWO,8210.TW,9939.TW",bull
2024-05-03,28,559,861,92,305,14,7,4,"2543.TW,4766.TW,8210.TW,9939.TW",bull
2024-05-10,28,864,899,89,302,14,7,1,4766.TW,bull
2024-05-17,44,864,1097,102,308,24,13,8,"2454.TW,2467.TW,3324.TWO,3406.TW,3533.TW,3708.TW,6143.TWO,6667.TWO",bull
2024-05-24,44,864,1087,107,321,24,16,12,"2454.TW,2467.TW,3017.TW,3324.TWO,3406.TW,3533.TW,3708.TW,6143.TWO,6664.TWO,6667.TWO,9939.TW,9958.TW",bull
2024-05-31,44,864,1145,112,332,24,12,9,"2454.TW,3017.TW,3324.TWO,3406.TW,3533.TW,6143.TWO,6664.TWO,6667.TWO,9958.TW",bull
2024-06-07,44,864,1127,119,343,24,14,9,"2382.TW,2454.TW,3406.TW,3533.TW,3708.TW,6239.TW,6664.TWO,6667.TWO,9958.TW",bull
2024-06-14,44,634,1025,124,350,18,7,6,"1519.TW,2382.TW,2543.TW,3533.TW,6143.TWO,6197.TW",bull
2024-06-21,44,634,1087,132,363,18,5,4,"1519.TW,2382.TW,3533.TW,6143.TWO",bull
2024-06-28,44,634,1060,117,362,18,7,5,"1519.TW,2382.TW,3533.TW,6143.TWO,6197.TW",bull
2024-07-05,44,634,1186,135,378,18,8,5,"1519.TW,2382.TW,2543.TW,6197.TW,6223.TWO",bull
2024-07-12,44,609,1115,128,367,17,8,5,"2467.TW,6223.TWO,6231.TWO,6664.TWO,6667.TWO",bull
2024-07-19,44,609,929,112,346,17,11,7,"2467.TW,2543.TW,6223.TWO,6231.TWO,6640.TWO,6664.TWO,6667.TWO",bull
2024-07-26,44,609,942,97,318,17,9,7,"1514.TW,2467.TW,2543.TW,6223.TWO,6231.TWO,6640.TWO,6664.TWO",bull
2024-08-02,44,609,900,76,291,17,7,4,"2467.TW,6223.TWO,6231.TWO,6640.TWO",bull
2024-08-09,44,609,909,61,251,17,6,3,"2543.TW,6223.TWO,6640.TWO",bull
2024-08-16,55,791,963,103,278,28,12,5,"3131.TWO,5434.TW,6206.TW,6670.TW,8464.TW",bull
2024-08-23,55,791,1118,105,281,28,13,5,"3131.TWO,5434.TW,6667.TWO,6670.TW,8464.TW",bull
2024-08-30,55,791,1167,113,285,28,16,6,"3131.TWO,5434.TW,6143.TWO,6667.TWO,6670.TW,8464.TW",bull
2024-09-06,55,791,984,82,246,28,13,6,"3131.TWO,5434.TW,6143.TWO,6667.TWO,6670.TW,8464.TW",chop
2024-09-13,55,523,851,90,253,16,10,7,"2504.TW,3131.TWO,5434.TW,6223.TWO,6640.TWO,6667.TWO,6670.TW",chop
2024-09-20,55,523,854,105,272,16,10,7,"2618.TW,3131.TWO,5434.TW,6223.TWO,6640.TWO,6667.TWO,6670.TW",chop
2024-09-27,55,523,856,110,276,16,7,6,"2504.TW,2618.TW,3526.TWO,6223.TWO,6667.TWO,6670.TW",chop
2024-10-04,55,523,830,90,255,16,7,3,"3526.TWO,6640.TWO,6667.TWO",chop
2024-10-11,55,594,906,91,245,19,9,6,"2467.TW,3526.TWO,3653.TW,6223.TWO,6231.TWO,6442.TW",chop
2024-10-18,55,594,894,98,254,19,11,7,"2467.TW,3526.TWO,3653.TW,6223.TWO,6231.TWO,6442.TW,6667.TWO",chop
2024-10-25,55,594,861,102,253,19,12,7,"2454.TW,3526.TWO,3653.TW,6223.TWO,6231.TWO,6442.TW,6667.TWO",bull
2024-11-01,55,594,774,88,226,19,13,7,"2454.TW,3526.TWO,3653.TW,6223.TWO,6231.TWO,6442.TW,6667.TWO",bull
2024-11-08,55,594,797,87,228,19,12,6,"2454.TW,3526.TWO,6223.TWO,6231.TWO,6442.TW,6683.TWO",bull
2024-11-15,31,649,707,66,207,11,5,1,8114.TW,chop
2024-11-22,31,649,760,62,217,11,5,2,"2308.TW,8114.TW",bull
2024-11-29,31,649,808,47,203,11,6,1,8114.TW,chop
2024-12-06,31,649,844,74,227,11,7,3,"3131.TWO,6223.TWO,8114.TW",bull
2024-12-13,31,634,808,67,197,10,5,3,"6223.TWO,6442.TW,8114.TW",bull
2024-12-20,31,634,727,57,186,10,6,3,"6223.TWO,6442.TW,8114.TW",bull
2024-12-27,31,634,722,70,199,10,6,4,"2330.TW,6223.TWO,6442.TW,8114.TW",bull
2025-01-03,31,634,645,62,182,10,5,3,"2330.TW,6442.TW,8114.TW",chop
2025-01-10,31,834,676,61,167,16,7,5,"2308.TW,2330.TW,2618.TW,6442.TW,8114.TW",chop
2025-01-17,31,834,707,60,161,16,10,6,"2308.TW,2330.TW,2618.TW,3491.TWO,6442.TW,8114.TW",chop
2025-01-22,31,834,786,72,168,16,11,6,"2308.TW,2330.TW,2618.TW,3491.TWO,6442.TW,8114.TW",chop
2025-02-07,31,834,886,64,185,16,8,2,"3491.TWO,6206.TW",chop
2025-02-14,49,408,967,66,179,17,8,4,"2059.TW,2383.TW,5314.TWO,6670.TW",chop
2025-02-21,49,408,1063,72,209,17,9,4,"2059.TW,2383.TW,5314.TWO,6670.TW",chop
2025-02-27,49,408,972,65,186,17,9,4,"2059.TW,2383.TW,5314.TWO,6670.TW",chop
2025-03-07,49,408,865,50,170,17,6,3,"1736.TW,2059.TW,5314.TWO",chop
2025-03-14,49,1164,842,48,155,35,11,4,"2059.TW,3078.TWO,6206.TW,6515.TW",bear
2025-03-21,49,1164,832,55,159,35,8,6,"1319.TW,2059.TW,3013.TW,3078.TWO,3491.TWO,6206.TW",bear
2025-03-28,49,1164,752,35,147,35,11,4,"1319.TW,2059.TW,3078.TWO,3491.TWO",bear
2025-04-02,49,1164,788,27,132,35,14,3,"1319.TW,2393.TW,3078.TWO",bear
2025-04-11,49,507,873,4,74,14,9,0,,bear
2025-04-18,49,507,852,7,77,14,10,0,,bear
2025-04-25,49,507,948,10,74,14,11,0,,bear
2025-05-02,49,507,1091,18,91,14,10,2,"6670.TW,8932.TWO",bear
2025-05-09,49,507,1158,22,98,14,7,0,,bear
2025-05-16,47,615,1179,38,131,18,10,3,"2059.TW,2404.TW,3090.TW",bear
2025-05-23,47,615,1099,36,133,18,9,3,"2059.TW,2404.TW,3090.TW",bear
2025-05-29,47,615,956,31,135,18,10,3,"2059.TW,2404.TW,3090.TW",bear
2025-06-06,47,615,794,26,137,18,10,4,"2059.TW,2368.TW,2404.TW,3090.TW",chop
2025-06-13,47,426,634,25,144,10,7,1,2404.TW,chop
2025-06-20,47,426,538,32,138,10,6,1,2404.TW,chop
2025-06-27,47,426,753,46,156,10,4,2,"2404.TW,2731.TW",bull
2025-07-04,47,426,824,46,147,10,5,2,"2404.TW,2731.TW",bull
2025-07-11,47,663,898,51,162,17,10,6,"2059.TW,2308.TW,2368.TW,2383.TW,2404.TW,4931.TWO",bull
2025-07-18,47,663,977,55,171,17,9,6,"2059.TW,2308.TW,2368.TW,2383.TW,2404.TW,4931.TWO",bull
2025-07-25,47,663,897,60,180,17,10,5,"2059.TW,2308.TW,2368.TW,2383.TW,2404.TW",bull
2025-07-31,47,663,755,61,177,17,9,5,"2059.TW,2308.TW,2368.TW,2383.TW,2404.TW",bull
2025-08-08,47,663,835,69,193,17,13,6,"2059.TW,2308.TW,2368.TW,2383.TW,2404.TW,4931.TWO",bull
2025-08-15,18,457,864,75,201,3,2,1,2308.TW,bull
2025-08-22,18,457,782,79,194,3,2,1,2308.TW,bull
2025-08-29,18,457,813,95,224,3,1,0,,bull
2025-09-05,18,457,793,100,224,3,2,0,,bull
2025-09-12,18,496,691,101,243,7,2,0,,bull
2025-09-19,18,496,774,95,249,7,3,1,3665.TW,bull
2025-09-26,18,496,673,75,244,7,3,1,3665.TW,bull
2025-10-03,18,496,656,85,260,7,2,0,,bull
2025-10-09,18,496,705,84,262,7,1,0,,bull
2025-10-17,18,747,758,67,258,9,3,2,"1215.TW,8210.TW",bull
2025-10-23,18,747,815,65,262,9,3,1,8210.TW,bull
2025-10-31,18,747,806,85,263,9,4,2,"3665.TW,8210.TW",bull
2025-11-07,18,747,719,77,257,9,3,2,"3665.TW,8210.TW",bull
2025-11-14,45,593,824,86,265,17,8,5,"3017.TW,6223.TWO,6274.TWO,6290.TWO,8210.TW",bull
2025-11-21,45,593,753,76,245,17,9,5,"2383.TW,6223.TWO,6274.TWO,6290.TWO,8210.TW",bull
2025-11-28,45,593,952,106,282,17,11,5,"2383.TW,4760.TWO,6223.TWO,6274.TWO,6290.TWO",bull
2025-12-05,45,593,1011,108,286,17,8,3,"2383.TW,4760.TWO,6223.TWO",bull
2025-12-12,45,553,956,125,290,18,7,4,"1608.TW,2316.TW,4979.TWO,6223.TWO",bull
2025-12-19,45,553,915,106,287,18,7,2,"2316.TW,6223.TWO",bull
2025-12-26,45,553,795,124,294,18,8,5,"1608.TW,3017.TW,4979.TWO,6196.TW,6223.TWO",bull
2026-01-02,45,553,778,132,305,18,10,4,"1608.TW,3017.TW,3260.TWO,4979.TWO",bull
2026-01-09,45,553,777,121,314,18,3,1,3260.TWO,bull
2026-01-16,45,726,919,133,330,21,10,5,"2308.TW,2360.TW,3260.TWO,4760.TWO,6274.TWO",bull
2026-01-23,45,726,908,142,339,21,12,4,"2308.TW,2360.TW,2383.TW,3260.TWO",bull
2026-01-30,45,726,881,130,334,21,15,7,"2308.TW,2360.TW,2383.TW,2467.TW,6274.TWO,6446.TW,6739.TWO",bull
2026-02-06,45,726,880,108,318,21,16,10,"2308.TW,2360.TW,2383.TW,2467.TW,4979.TWO,5386.TWO,6223.TWO,6274.TWO,6446.TW,6739.TWO",bull
2026-02-11,45,985,828,117,324,33,18,10,"2360.TW,2383.TW,2467.TW,3017.TW,3653.TW,4979.TWO,5234.TW,5386.TWO,6223.TWO,6274.TWO",bull
2026-02-26,31,985,1063,138,355,21,13,7,"1590.TW,2383.TW,2472.TW,3017.TW,3653.TW,4979.TWO,6291.TWO",bull
2026-03-06,31,985,1040,117,326,21,13,6,"2383.TW,3017.TW,3653.TW,4979.TWO,5274.TWO,6291.TWO",bull
2026-03-13,31,392,1086,121,322,8,4,1,5274.TWO,bull
2026-03-20,31,392,1069,134,327,8,5,1,5274.TWO,bull
2026-03-27,31,392,835,114,313,8,5,1,5274.TWO,bull
2026-04-02,31,392,832,99,283,8,6,2,"2360.TW,5274.TWO",bull
2026-04-10,31,901,886,133,319,17,10,5,"2308.TW,2472.TW,3017.TW,3653.TW,6515.TW",bull
2026-04-17,31,901,1020,139,345,17,10,6,"2308.TW,2383.TW,2472.TW,3017.TW,4979.TWO,6515.TW",bull
2026-04-24,31,901,1018,130,332,17,11,4,"2383.TW,2472.TW,4979.TWO,6515.TW",bull
2026-04-30,31,901,1030,137,336,17,11,6,"2308.TW,2383.TW,2472.TW,3653.TW,4979.TWO,6515.TW",bull
2026-05-08,31,901,1013,140,356,17,10,6,"2383.TW,2472.TW,4979.TWO,6196.TW,6291.TWO,6515.TW",bull
2026-05-15,38,757,822,131,343,22,9,4,"2345.TW,5274.TWO,6223.TWO,6435.TWO",bull
2026-05-22,38,757,882,137,354,22,13,6,"2345.TW,2360.TW,3030.TW,5274.TWO,6223.TWO,6435.TWO",bull
2026-05-29,38,757,935,138,357,22,14,7,"2308.TW,2345.TW,2360.TW,3030.TW,5274.TWO,6223.TWO,6435.TWO",bull
2026-06-05,38,757,1010,130,358,22,14,7,"2308.TW,2345.TW,2360.TW,3583.TW,5274.TWO,6223.TWO,6435.TWO",bull
2026-06-12,38,843,1044,105,344,23,11,3,"2059.TW,2360.TW,6435.TWO",bull
2026-06-18,38,843,1074,124,352,23,11,4,"2360.TW,4967.TW,6435.TWO,6446.TW",bull
2026-06-26,38,843,980,95,326,23,11,2,"2059.TW,6446.TW",bull
2026-07-03,38,843,1005,114,351,23,13,6,"2059.TW,2345.TW,6197.TW,6223.TWO,6446.TW,6584.TWO",bull
2026-07-10,38,888,979,93,324,18,8,2,"2059.TW,6223.TWO",bull
2026-07-17,38,888,934,39,272,18,8,1,2059.TW,bull
2026-07-24,38,888,976,26,271,18,8,2,"2059.TW,3665.TW",bull
2026-07-31,38,888,1034,23,211,18,8,1,2059.TW,bull
2026-08-07,38,888,1091,45,264,18,10,3,"1590.TW,2059.TW,3017.TW",bull
2026-08-14,80,904,1126,65,274,49,26,7,"1560.TW,2059.TW,3037.TW,3653.TW,5274.TWO,5434.TW,6206.TW",bull
2026-08-21,80,904,1124,61,266,49,27,7,"2059.TW,3037.TW,3081.TWO,3260.TWO,3653.TW,4979.TWO,6206.TW",chop
2026-08-28,80,904,1069,80,287,49,25,9,"2059.TW,2455.TW,3037.TW,3081.TWO,3260.TWO,3264.TWO,3653.TW,5274.TWO,6206.TW",chop
2026-09-02,80,904,1035,75,291,49,24,9,"2059.TW,2455.TW,3037.TW,3081.TWO,3260.TWO,3264.TWO,3653.TW,5274.TWO,6206.TW",chop
